country_region_code,country_region,sub_region_1,sub_region_2,date,retail_and_recreation_percent_change_from_baseline,grocery_and_pharmacy_percent_change_from_baseline,parks_percent_change_from_baseline,transit_stations_percent_change_from_baseline,workplaces_percent_change_from_baseline,residential_percent_change_from_baseline
AE,United Arab Emirates,,,2020-02-15,0,4,5,0,2,1
AE,United Arab Emirates,,,2020-02-16,1,4,4,1,2,1
AE,United Arab Emirates,,,2020-02-17,-1,1,5,1,2,1
AE,United Arab Emirates,,,2020-02-18,-2,1,5,0,2,1
AE,United Arab Emirates,,,2020-02-19,-2,0,4,-1,2,1
AE,United Arab Emirates,,,2020-02-20,-2,1,6,1,1,1
AE,United Arab Emirates,,,2020-02-21,-3,2,6,0,-1,1
AE,United Arab Emirates,,,2020-02-22,-2,2,4,-2,3,1
AE,United Arab Emirates,,,2020-02-23,-1,3,3,-1,4,1
AE,United Arab Emirates,,,2020-02-24,-3,0,5,-1,3,1
AE,United Arab Emirates,,,2020-02-25,-3,2,3,-2,3,1
AE,United Arab Emirates,,,2020-02-26,-2,1,-3,-2,3,1
AE,United Arab Emirates,,,2020-02-27,1,5,-1,-1,3,1
AE,United Arab Emirates,,,2020-02-28,1,5,-1,-1,1,1
AE,United Arab Emirates,,,2020-02-29,2,7,-1,-1,5,0
AE,United Arab Emirates,,,2020-03-01,3,10,2,-1,4,1
AE,United Arab Emirates,,,2020-03-02,0,7,1,-2,4,1
AE,United Arab Emirates,,,2020-03-03,0,6,0,-5,4,1
AE,United Arab Emirates,,,2020-03-04,-1,7,-2,-5,3,2
AE,United Arab Emirates,,,2020-03-05,-3,6,-2,-5,3,2
AE,United Arab Emirates,,,2020-03-06,-7,5,-8,-9,0,3
AE,United Arab Emirates,,,2020-03-07,-3,6,1,-8,4,2
AE,United Arab Emirates,,,2020-03-08,1,8,6,-9,-1,3
AE,United Arab Emirates,,,2020-03-09,-3,4,4,-10,-1,4
AE,United Arab Emirates,,,2020-03-10,-4,6,3,-11,-2,4
AE,United Arab Emirates,,,2020-03-11,-4,5,0,-12,-2,4
AE,United Arab Emirates,,,2020-03-12,-8,6,-6,-15,-3,5
AE,United Arab Emirates,,,2020-03-13,-16,3,-15,-20,-2,5
AE,United Arab Emirates,,,2020-03-14,-12,4,-12,-17,2,4
AE,United Arab Emirates,,,2020-03-15,-6,11,-11,-15,-4,5
AE,United Arab Emirates,,,2020-03-16,-11,8,-14,-17,-6,6
AE,United Arab Emirates,,,2020-03-17,-16,5,-18,-22,-9,7
AE,United Arab Emirates,,,2020-03-18,-19,2,-19,-25,-11,9
AE,United Arab Emirates,,,2020-03-19,-24,-1,-26,-31,-12,11
AE,United Arab Emirates,,,2020-03-20,-37,-11,-45,-44,-12,11
AE,United Arab Emirates,,,2020-03-21,-32,-12,-37,-42,-8,10
AE,United Arab Emirates,,,2020-03-22,-30,-13,-36,-45,-17,13
AE,United Arab Emirates,,,2020-03-23,-27,14,-38,-46,-20,14
AE,United Arab Emirates,,,2020-03-24,-39,-6,-43,-53,-28,17
AE,United Arab Emirates,,,2020-03-25,-50,-18,-47,-60,-35,21
AE,United Arab Emirates,,,2020-03-26,-55,-13,-54,-67,-40,25
AE,United Arab Emirates,,,2020-03-27,-80,-60,-80,-84,-52,25
AE,United Arab Emirates,,,2020-03-28,-72,-47,-68,-80,-56,28
AE,United Arab Emirates,,,2020-03-29,-55,-26,-53,-69,-45,26
AE,United Arab Emirates,,,2020-03-30,-57,-27,-53,-69,-46,25
AE,United Arab Emirates,,,2020-03-31,-56,-26,-53,-69,-46,25
AE,United Arab Emirates,,,2020-04-01,-56,-24,-53,-70,-46,25
AE,United Arab Emirates,,,2020-04-02,-58,-25,-56,-71,-47,28
AE,United Arab Emirates,,,2020-04-03,-69,-39,-75,-79,-44,22
AE,United Arab Emirates,,,2020-04-04,-58,-27,-58,-72,-37,21
AE,United Arab Emirates,,,2020-04-05,-61,-30,-58,-79,-57,31
AE,United Arab Emirates,,,2020-04-06,-63,-32,-58,-78,-56,30
AE,United Arab Emirates,,,2020-04-07,-63,-30,-73,-78,-55,30
AE,United Arab Emirates,,,2020-04-08,-63,-30,-74,-78,-55,30
AE,United Arab Emirates,,,2020-04-09,-64,-31,-76,-79,-55,33
AE,United Arab Emirates,,,2020-04-10,-74,-46,-86,-84,-49,23
AE,United Arab Emirates,,,2020-04-11,-64,-32,-77,-79,-45,24
AE,United Arab Emirates,,,2020-04-12,-60,-28,-74,-79,-55,30
AE,United Arab Emirates,,,2020-04-13,-62,-30,-73,-78,-55,30
AE,United Arab Emirates,,,2020-04-14,-62,-31,-74,-78,-55,30
AE,United Arab Emirates,,,2020-04-15,-63,-32,-74,-78,-56,31
AE,United Arab Emirates,,,2020-04-16,-63,-32,-74,-79,-55,34
AE,United Arab Emirates,,,2020-04-17,-73,-45,-85,-84,-48,23
AE,United Arab Emirates,,,2020-04-18,-66,-39,-78,-78,-45,24
AE,United Arab Emirates,,,2020-04-19,-62,-35,-74,-78,-54,30
AE,United Arab Emirates,,,2020-04-20,-63,-37,-74,-78,-55,30
AE,United Arab Emirates,,,2020-04-21,-63,-35,-74,-78,-55,30
AE,United Arab Emirates,,,2020-04-22,-62,-33,-75,-77,-55,30
AE,United Arab Emirates,,,2020-04-23,-62,-29,-76,-77,-55,32
AE,United Arab Emirates,,,2020-04-24,-72,-40,-86,-80,-47,24
AE,United Arab Emirates,,,2020-04-25,-62,-32,-77,-74,-41,25
AE,United Arab Emirates,,,2020-04-26,-56,-26,-73,-69,-49,30
AE,United Arab Emirates,Abu Dhabi,,2020-02-15,1,6,-2,-1,2,1
AE,United Arab Emirates,Abu Dhabi,,2020-02-16,-2,5,2,-2,2,1
AE,United Arab Emirates,Abu Dhabi,,2020-02-17,-3,2,4,-3,2,1
AE,United Arab Emirates,Abu Dhabi,,2020-02-18,-3,2,1,-2,2,1
AE,United Arab Emirates,Abu Dhabi,,2020-02-19,-3,1,0,-1,2,1
AE,United Arab Emirates,Abu Dhabi,,2020-02-20,-2,2,3,-3,1,1
AE,United Arab Emirates,Abu Dhabi,,2020-02-21,0,5,8,-5,-1,1
AE,United Arab Emirates,Abu Dhabi,,2020-02-22,-1,4,2,-2,3,1
AE,United Arab Emirates,Abu Dhabi,,2020-02-23,-2,4,2,-3,3,1
AE,United Arab Emirates,Abu Dhabi,,2020-02-24,-3,2,6,-5,3,1
AE,United Arab Emirates,Abu Dhabi,,2020-02-25,-3,2,2,-3,2,1
AE,United Arab Emirates,Abu Dhabi,,2020-02-26,-3,2,-5,-3,2,1
AE,United Arab Emirates,Abu Dhabi,,2020-02-27,2,7,-2,-4,2,1
AE,United Arab Emirates,Abu Dhabi,,2020-02-28,2,9,-3,-2,1,1
AE,United Arab Emirates,Abu Dhabi,,2020-02-29,3,10,-3,1,4,0
AE,United Arab Emirates,Abu Dhabi,,2020-03-01,2,12,2,-2,3,1
AE,United Arab Emirates,Abu Dhabi,,2020-03-02,1,10,2,-4,3,1
AE,United Arab Emirates,Abu Dhabi,,2020-03-03,0,7,-1,-5,3,1
AE,United Arab Emirates,Abu Dhabi,,2020-03-04,-1,9,-5,-5,3,2
AE,United Arab Emirates,Abu Dhabi,,2020-03-05,-2,8,-5,-8,2,3
AE,United Arab Emirates,Abu Dhabi,,2020-03-06,-5,8,-9,-15,1,3
AE,United Arab Emirates,Abu Dhabi,,2020-03-07,-2,8,-2,-10,4,2
AE,United Arab Emirates,Abu Dhabi,,2020-03-08,-1,9,5,-13,-2,3
AE,United Arab Emirates,Abu Dhabi,,2020-03-09,-3,7,4,-14,-3,4
AE,United Arab Emirates,Abu Dhabi,,2020-03-10,-3,7,2,-15,-4,4
AE,United Arab Emirates,Abu Dhabi,,2020-03-11,-4,7,0,-12,-4,4
AE,United Arab Emirates,Abu Dhabi,,2020-03-12,-8,7,-7,-18,-5,5
AE,United Arab Emirates,Abu Dhabi,,2020-03-13,-13,7,-16,-24,-1,5
AE,United Arab Emirates,Abu Dhabi,,2020-03-14,-10,5,-12,-20,2,4
AE,United Arab Emirates,Abu Dhabi,,2020-03-15,-9,9,-10,-18,-5,5
AE,United Arab Emirates,Abu Dhabi,,2020-03-16,-12,7,-10,-19,-7,6
AE,United Arab Emirates,Abu Dhabi,,2020-03-17,-16,3,-14,-20,-9,7
AE,United Arab Emirates,Abu Dhabi,,2020-03-18,-17,2,-14,-24,-10,8
AE,United Arab Emirates,Abu Dhabi,,2020-03-19,-21,0,-23,-33,-11,10
AE,United Arab Emirates,Abu Dhabi,,2020-03-20,-31,-6,-40,-46,-9,10
AE,United Arab Emirates,Abu Dhabi,,2020-03-21,-26,-6,-31,-42,-5,9
AE,United Arab Emirates,Abu Dhabi,,2020-03-22,-27,-9,-30,-44,-14,11
AE,United Arab Emirates,Abu Dhabi,,2020-03-23,-22,15,-32,-45,-17,11
AE,United Arab Emirates,Abu Dhabi,,2020-03-24,-34,-3,-37,-48,-23,14
AE,United Arab Emirates,Abu Dhabi,,2020-03-25,-46,-17,-41,-57,-30,18
AE,United Arab Emirates,Abu Dhabi,,2020-03-26,-49,-11,-48,-67,-34,22
AE,United Arab Emirates,Abu Dhabi,,2020-03-27,-76,-55,-74,-83,-45,23
AE,United Arab Emirates,Abu Dhabi,,2020-03-28,-66,-41,-60,-77,-46,24
AE,United Arab Emirates,Abu Dhabi,,2020-03-29,-51,-24,-46,-67,-39,22
AE,United Arab Emirates,Abu Dhabi,,2020-03-30,-52,-24,-46,-67,-40,21
AE,United Arab Emirates,Abu Dhabi,,2020-03-31,-51,-23,-45,-67,-40,21
AE,United Arab Emirates,Abu Dhabi,,2020-04-01,-50,-22,-45,-67,-41,21
AE,United Arab Emirates,Abu Dhabi,,2020-04-02,-53,-21,-51,-72,-41,25
AE,United Arab Emirates,Abu Dhabi,,2020-04-03,-63,-34,-70,-82,-38,20
AE,United Arab Emirates,Abu Dhabi,,2020-04-04,-52,-23,-52,-76,-29,19
AE,United Arab Emirates,Abu Dhabi,,2020-04-05,-50,-19,-45,-71,-42,22
AE,United Arab Emirates,Abu Dhabi,,2020-04-06,-52,-21,-46,-71,-42,23
AE,United Arab Emirates,Abu Dhabi,,2020-04-07,-53,-19,-66,-70,-44,23
AE,United Arab Emirates,Abu Dhabi,,2020-04-08,-54,-21,-66,-71,-44,24
AE,United Arab Emirates,Abu Dhabi,,2020-04-09,-56,-22,-70,-75,-45,27
AE,United Arab Emirates,Abu Dhabi,,2020-04-10,-65,-34,-81,-82,-41,21
AE,United Arab Emirates,Abu Dhabi,,2020-04-11,-54,-21,-71,-76,-33,20
AE,United Arab Emirates,Abu Dhabi,,2020-04-12,-52,-20,-67,-74,-45,24
AE,United Arab Emirates,Abu Dhabi,,2020-04-13,-53,-21,-66,-74,-46,24
AE,United Arab Emirates,Abu Dhabi,,2020-04-14,-54,-23,-67,-72,-47,25
AE,United Arab Emirates,Abu Dhabi,,2020-04-15,-54,-23,-67,-73,-47,25
AE,United Arab Emirates,Abu Dhabi,,2020-04-16,-54,-23,-66,-75,-47,28
AE,United Arab Emirates,Abu Dhabi,,2020-04-17,-62,-32,-78,-82,-40,20
AE,United Arab Emirates,Abu Dhabi,,2020-04-18,-54,-31,-68,-76,-34,20
AE,United Arab Emirates,Abu Dhabi,,2020-04-19,-53,-32,-64,-75,-46,24
AE,United Arab Emirates,Abu Dhabi,,2020-04-20,-54,-32,-63,-74,-47,24
AE,United Arab Emirates,Abu Dhabi,,2020-04-21,-54,-32,-64,-74,-47,24
AE,United Arab Emirates,Abu Dhabi,,2020-04-22,-53,-29,-65,-75,-47,24
AE,United Arab Emirates,Abu Dhabi,,2020-04-23,-53,-26,-67,-77,-47,27
AE,United Arab Emirates,Abu Dhabi,,2020-04-24,-65,-35,-81,-83,-41,22
AE,United Arab Emirates,Abu Dhabi,,2020-04-25,-57,-32,-70,-78,-36,23
AE,United Arab Emirates,Abu Dhabi,,2020-04-26,-55,-31,-65,-75,-48,28
AE,United Arab Emirates,Ajman,,2020-02-15,1,3,-1,24,3,1
AE,United Arab Emirates,Ajman,,2020-02-16,0,2,1,21,2,1
AE,United Arab Emirates,Ajman,,2020-02-17,-1,-1,3,20,3,1
AE,United Arab Emirates,Ajman,,2020-02-18,-2,1,7,17,2,1
AE,United Arab Emirates,Ajman,,2020-02-19,-2,-1,5,11,2,1
AE,United Arab Emirates,Ajman,,2020-02-20,-1,0,7,9,2,1
AE,United Arab Emirates,Ajman,,2020-02-21,0,1,10,25,-2,1
AE,United Arab Emirates,Ajman,,2020-02-22,-1,1,3,17,4,1
AE,United Arab Emirates,Ajman,,2020-02-23,-1,0,4,25,3,1
AE,United Arab Emirates,Ajman,,2020-02-24,-3,-1,2,11,4,1
AE,United Arab Emirates,Ajman,,2020-02-25,-1,0,7,10,3,1
AE,United Arab Emirates,Ajman,,2020-02-26,-1,-2,-6,9,2,1
AE,United Arab Emirates,Ajman,,2020-02-27,2,2,-6,2,3,1
AE,United Arab Emirates,Ajman,,2020-02-28,4,3,9,18,-1,1
AE,United Arab Emirates,Ajman,,2020-02-29,4,6,-6,18,4,1
AE,United Arab Emirates,Ajman,,2020-03-01,4,7,1,20,3,1
AE,United Arab Emirates,Ajman,,2020-03-02,3,6,-1,16,4,1
AE,United Arab Emirates,Ajman,,2020-03-03,3,5,1,19,3,1
AE,United Arab Emirates,Ajman,,2020-03-04,2,4,-1,17,2,2
AE,United Arab Emirates,Ajman,,2020-03-05,1,5,-5,7,2,2
AE,United Arab Emirates,Ajman,,2020-03-06,1,6,-4,25,-1,3
AE,United Arab Emirates,Ajman,,2020-03-07,3,5,4,24,4,2
AE,United Arab Emirates,Ajman,,2020-03-08,4,4,20,21,-3,3
AE,United Arab Emirates,Ajman,,2020-03-09,2,6,17,18,-2,3
AE,United Arab Emirates,Ajman,,2020-03-10,2,8,19,22,-4,4
AE,United Arab Emirates,Ajman,,2020-03-11,2,4,15,11,-4,4
AE,United Arab Emirates,Ajman,,2020-03-12,-2,6,7,6,-3,5
AE,United Arab Emirates,Ajman,,2020-03-13,-6,5,-3,9,-2,5
AE,United Arab Emirates,Ajman,,2020-03-14,-5,4,-4,5,2,3
AE,United Arab Emirates,Ajman,,2020-03-15,-2,9,4,14,-3,5
AE,United Arab Emirates,Ajman,,2020-03-16,-3,7,-1,1,-4,5
AE,United Arab Emirates,Ajman,,2020-03-17,-8,5,-3,-1,-6,6
AE,United Arab Emirates,Ajman,,2020-03-18,-11,2,-5,-8,-8,7
AE,United Arab Emirates,Ajman,,2020-03-19,-16,-2,-16,-15,-8,10
AE,United Arab Emirates,Ajman,,2020-03-20,-26,-7,-37,-18,-10,10
AE,United Arab Emirates,Ajman,,2020-03-21,-23,-11,-32,-18,-5,9
AE,United Arab Emirates,Ajman,,2020-03-22,-27,-13,-40,-16,-13,11
AE,United Arab Emirates,Ajman,,2020-03-23,-17,13,-46,-18,-15,11
AE,United Arab Emirates,Ajman,,2020-03-24,-31,-5,-45,-23,-22,14
AE,United Arab Emirates,Ajman,,2020-03-25,-40,-17,-52,-34,-28,17
AE,United Arab Emirates,Ajman,,2020-03-26,-45,-17,-67,-45,-33,22
AE,United Arab Emirates,Ajman,,2020-03-27,-74,-60,-84,-66,-50,23
AE,United Arab Emirates,Ajman,,2020-03-28,-64,-46,-70,-57,-54,27
AE,United Arab Emirates,Ajman,,2020-03-29,-47,-26,-57,-40,-38,22
AE,United Arab Emirates,Ajman,,2020-03-30,-49,-28,-59,-46,-38,22
AE,United Arab Emirates,Ajman,,2020-03-31,-47,-25,-54,-44,-38,21
AE,United Arab Emirates,Ajman,,2020-04-01,-46,-24,-57,-45,-39,21
AE,United Arab Emirates,Ajman,,2020-04-02,-48,-25,-66,-50,-39,24
AE,United Arab Emirates,Ajman,,2020-04-03,-60,-37,-81,-48,-39,20
AE,United Arab Emirates,Ajman,,2020-04-04,-48,-25,-64,-45,-30,18
AE,United Arab Emirates,Ajman,,2020-04-05,-45,-20,-58,-45,-46,26
AE,United Arab Emirates,Ajman,,2020-04-06,-49,-26,-61,-50,-45,26
AE,United Arab Emirates,Ajman,,2020-04-07,-49,-25,-74,-40,-46,25
AE,United Arab Emirates,Ajman,,2020-04-08,-50,-27,-76,-47,-46,25
AE,United Arab Emirates,Ajman,,2020-04-09,-50,-27,-81,-52,-46,28
AE,United Arab Emirates,Ajman,,2020-04-10,-62,-42,-91,-56,-43,21
AE,United Arab Emirates,Ajman,,2020-04-11,-49,-27,-81,-48,-37,21
AE,United Arab Emirates,Ajman,,2020-04-12,-45,-25,-77,-43,-46,25
AE,United Arab Emirates,Ajman,,2020-04-13,-46,-27,-78,-43,-45,25
AE,United Arab Emirates,Ajman,,2020-04-14,-46,-26,-80,-45,-46,26
AE,United Arab Emirates,Ajman,,2020-04-15,-48,-27,-82,-47,-47,26
AE,United Arab Emirates,Ajman,,2020-04-16,-49,-26,-83,-50,-46,29
AE,United Arab Emirates,Ajman,,2020-04-17,-60,-40,-91,-54,-40,21
AE,United Arab Emirates,Ajman,,2020-04-18,-50,-28,-86,-18,-37,22
AE,United Arab Emirates,Ajman,,2020-04-19,-45,-24,-80,-26,-45,26
AE,United Arab Emirates,Ajman,,2020-04-20,-46,-23,-82,-28,-44,26
AE,United Arab Emirates,Ajman,,2020-04-21,-46,-21,-81,-24,-45,25
AE,United Arab Emirates,Ajman,,2020-04-22,-43,-18,-82,-22,-45,25
AE,United Arab Emirates,Ajman,,2020-04-23,-43,-14,-85,-15,-45,27
AE,United Arab Emirates,Ajman,,2020-04-24,-62,-34,-92,,-40,22
AE,United Arab Emirates,Ajman,,2020-04-25,-53,-28,-83,-21,-37,24
AE,United Arab Emirates,Ajman,,2020-04-26,-46,-22,-80,-22,-43,27
AE,United Arab Emirates,Dubai,,2020-02-15,-1,3,5,0,3,0
AE,United Arab Emirates,Dubai,,2020-02-16,1,4,6,1,1,1
AE,United Arab Emirates,Dubai,,2020-02-17,0,1,7,0,1,1
AE,United Arab Emirates,Dubai,,2020-02-18,-1,1,8,0,1,1
AE,United Arab Emirates,Dubai,,2020-02-19,-1,0,6,-1,1,1
AE,United Arab Emirates,Dubai,,2020-02-20,0,1,8,1,0,1
AE,United Arab Emirates,Dubai,,2020-02-21,-4,4,5,1,-1,1
AE,United Arab Emirates,Dubai,,2020-02-22,-4,3,3,-2,4,1
AE,United Arab Emirates,Dubai,,2020-02-23,-2,4,4,-1,4,1
AE,United Arab Emirates,Dubai,,2020-02-24,-3,1,5,-1,4,1
AE,United Arab Emirates,Dubai,,2020-02-25,-3,2,3,-3,4,1
AE,United Arab Emirates,Dubai,,2020-02-26,-2,2,-3,-2,3,1
AE,United Arab Emirates,Dubai,,2020-02-27,1,5,-1,-2,3,1
AE,United Arab Emirates,Dubai,,2020-02-28,0,6,-3,-1,2,1
AE,United Arab Emirates,Dubai,,2020-02-29,0,8,-3,-2,5,0
AE,United Arab Emirates,Dubai,,2020-03-01,1,10,0,-1,5,1
AE,United Arab Emirates,Dubai,,2020-03-02,-1,8,0,-3,5,1
AE,United Arab Emirates,Dubai,,2020-03-03,-2,7,-1,-5,4,1
AE,United Arab Emirates,Dubai,,2020-03-04,-3,8,-3,-6,4,2
AE,United Arab Emirates,Dubai,,2020-03-05,-4,7,-2,-6,4,2
AE,United Arab Emirates,Dubai,,2020-03-06,-10,5,-10,-10,0,3
AE,United Arab Emirates,Dubai,,2020-03-07,-5,7,0,-8,4,2
AE,United Arab Emirates,Dubai,,2020-03-08,-1,7,3,-10,1,3
AE,United Arab Emirates,Dubai,,2020-03-09,-4,5,1,-11,0,4
AE,United Arab Emirates,Dubai,,2020-03-10,-6,6,0,-12,-1,4
AE,United Arab Emirates,Dubai,,2020-03-11,-6,6,-3,-13,-1,4
AE,United Arab Emirates,Dubai,,2020-03-12,-10,6,-8,-16,-1,5
AE,United Arab Emirates,Dubai,,2020-03-13,-22,2,-19,-21,-2,5
AE,United Arab Emirates,Dubai,,2020-03-14,-16,4,-16,-18,1,4
AE,United Arab Emirates,Dubai,,2020-03-15,-10,13,-15,-16,-3,5
AE,United Arab Emirates,Dubai,,2020-03-16,-14,12,-19,-18,-7,7
AE,United Arab Emirates,Dubai,,2020-03-17,-20,7,-23,-23,-10,9
AE,United Arab Emirates,Dubai,,2020-03-18,-23,3,-26,-27,-12,10
AE,United Arab Emirates,Dubai,,2020-03-19,-29,0,-30,-32,-14,12
AE,United Arab Emirates,Dubai,,2020-03-20,-46,-12,-51,-45,-16,12
AE,United Arab Emirates,Dubai,,2020-03-21,-40,-15,-45,-43,-10,11
AE,United Arab Emirates,Dubai,,2020-03-22,-36,-14,-42,-45,-20,15
AE,United Arab Emirates,Dubai,,2020-03-23,-34,16,-43,-48,-24,16
AE,United Arab Emirates,Dubai,,2020-03-24,-48,-7,-49,-54,-33,20
AE,United Arab Emirates,Dubai,,2020-03-25,-58,-20,-53,-62,-41,25
AE,United Arab Emirates,Dubai,,2020-03-26,-63,-13,-59,-68,-47,30
AE,United Arab Emirates,Dubai,,2020-03-27,-85,-63,-84,-85,-59,27
AE,United Arab Emirates,Dubai,,2020-03-28,-80,-51,-74,-82,-63,32
AE,United Arab Emirates,Dubai,,2020-03-29,-64,-28,-58,-71,-52,30
AE,United Arab Emirates,Dubai,,2020-03-30,-65,-29,-59,-71,-52,30
AE,United Arab Emirates,Dubai,,2020-03-31,-65,-28,-59,-71,-53,30
AE,United Arab Emirates,Dubai,,2020-04-01,-65,-27,-59,-72,-53,31
AE,United Arab Emirates,Dubai,,2020-04-02,-67,-29,-61,-73,-54,34
AE,United Arab Emirates,Dubai,,2020-04-03,-78,-41,-79,-80,-52,24
AE,United Arab Emirates,Dubai,,2020-04-04,-69,-31,-64,-73,-45,24
AE,United Arab Emirates,Dubai,,2020-04-05,-78,-45,-70,-82,-70,40
AE,United Arab Emirates,Dubai,,2020-04-06,-78,-44,-69,-81,-68,39
AE,United Arab Emirates,Dubai,,2020-04-07,-77,-41,-77,-80,-66,38
AE,United Arab Emirates,Dubai,,2020-04-08,-76,-41,-77,-81,-65,38
AE,United Arab Emirates,Dubai,,2020-04-09,-77,-41,-78,-81,-65,40
AE,United Arab Emirates,Dubai,,2020-04-10,-85,-55,-89,-86,-59,27
AE,United Arab Emirates,Dubai,,2020-04-11,-78,-44,-81,-81,-56,30
AE,United Arab Emirates,Dubai,,2020-04-12,-75,-39,-77,-81,-65,37
AE,United Arab Emirates,Dubai,,2020-04-13,-76,-40,-76,-81,-65,37
AE,United Arab Emirates,Dubai,,2020-04-14,-76,-41,-77,-81,-65,37
AE,United Arab Emirates,Dubai,,2020-04-15,-76,-43,-78,-81,-65,38
AE,United Arab Emirates,Dubai,,2020-04-16,-76,-42,-78,-81,-64,41
AE,United Arab Emirates,Dubai,,2020-04-17,-84,-56,-88,-85,-58,27
AE,United Arab Emirates,Dubai,,2020-04-18,-80,-50,-82,-81,-55,30
AE,United Arab Emirates,Dubai,,2020-04-19,-76,-46,-78,-81,-63,37
AE,United Arab Emirates,Dubai,,2020-04-20,-77,-47,-78,-80,-64,37
AE,United Arab Emirates,Dubai,,2020-04-21,-77,-46,-79,-80,-64,37
AE,United Arab Emirates,Dubai,,2020-04-22,-76,-44,-79,-80,-64,37
AE,United Arab Emirates,Dubai,,2020-04-23,-76,-40,-80,-79,-64,40
AE,United Arab Emirates,Dubai,,2020-04-24,-79,-44,-88,-81,-54,26
AE,United Arab Emirates,Dubai,,2020-04-25,-70,-35,-80,-75,-47,28
AE,United Arab Emirates,Dubai,,2020-04-26,-62,-28,-75,-70,-53,33
AE,United Arab Emirates,Fujairah,,2020-02-15,-3,-1,3,,6,0
AE,United Arab Emirates,Fujairah,,2020-02-16,-5,-2,0,,4,1
AE,United Arab Emirates,Fujairah,,2020-02-17,-7,-2,-4,,2,1
AE,United Arab Emirates,Fujairah,,2020-02-18,-5,2,-9,,2,1
AE,United Arab Emirates,Fujairah,,2020-02-19,-8,-2,9,,3,0
AE,United Arab Emirates,Fujairah,,2020-02-20,-8,-2,9,,1,1
AE,United Arab Emirates,Fujairah,,2020-02-21,-8,-7,-8,,3,2
AE,United Arab Emirates,Fujairah,,2020-02-22,-5,-4,12,,5,1
AE,United Arab Emirates,Fujairah,,2020-02-23,-5,-5,12,,3,1
AE,United Arab Emirates,Fujairah,,2020-02-24,-8,-2,0,,3,1
AE,United Arab Emirates,Fujairah,,2020-02-25,-6,1,4,,3,1
AE,United Arab Emirates,Fujairah,,2020-02-26,-8,-1,9,,3,1
AE,United Arab Emirates,Fujairah,,2020-02-27,-6,1,-10,,2,1
AE,United Arab Emirates,Fujairah,,2020-02-28,-2,-6,-7,,4,1
AE,United Arab Emirates,Fujairah,,2020-02-29,0,0,3,,7,0
AE,United Arab Emirates,Fujairah,,2020-03-01,0,7,8,,5,0
AE,United Arab Emirates,Fujairah,,2020-03-02,-1,9,3,,5,0
AE,United Arab Emirates,Fujairah,,2020-03-03,-4,6,-4,,4,1
AE,United Arab Emirates,Fujairah,,2020-03-04,-3,1,7,,3,2
AE,United Arab Emirates,Fujairah,,2020-03-05,-5,3,1,,5,2
AE,United Arab Emirates,Fujairah,,2020-03-06,-5,-3,-6,,5,3
AE,United Arab Emirates,Fujairah,,2020-03-07,-2,0,8,,8,2
AE,United Arab Emirates,Fujairah,,2020-03-08,-1,5,10,,-2,2
AE,United Arab Emirates,Fujairah,,2020-03-09,-4,4,8,,-2,2
AE,United Arab Emirates,Fujairah,,2020-03-10,-5,7,5,,-3,4
AE,United Arab Emirates,Fujairah,,2020-03-11,-2,3,14,,-4,3
AE,United Arab Emirates,Fujairah,,2020-03-12,-7,1,4,,-4,5
AE,United Arab Emirates,Fujairah,,2020-03-13,-9,-5,-2,,4,5
AE,United Arab Emirates,Fujairah,,2020-03-14,-8,-2,9,,5,3
AE,United Arab Emirates,Fujairah,,2020-03-15,-7,2,1,,-3,4
AE,United Arab Emirates,Fujairah,,2020-03-16,-11,1,-3,,-6,5
AE,United Arab Emirates,Fujairah,,2020-03-17,-14,1,-11,,-6,6
AE,United Arab Emirates,Fujairah,,2020-03-18,-17,-4,-7,,-7,7
AE,United Arab Emirates,Fujairah,,2020-03-19,-23,-8,-15,,-7,10
AE,United Arab Emirates,Fujairah,,2020-03-20,-30,-19,-34,,-3,10
AE,United Arab Emirates,Fujairah,,2020-03-21,-25,-15,-14,,-1,8
AE,United Arab Emirates,Fujairah,,2020-03-22,-29,-17,-17,,-11,11
AE,United Arab Emirates,Fujairah,,2020-03-23,-20,4,-26,,-12,10
AE,United Arab Emirates,Fujairah,,2020-03-24,-31,-8,-30,,-16,12
AE,United Arab Emirates,Fujairah,,2020-03-25,-40,-21,-27,,-21,14
AE,United Arab Emirates,Fujairah,,2020-03-26,-46,-25,-42,,-24,19
AE,United Arab Emirates,Fujairah,,2020-03-27,-70,-57,-69,,-39,
AE,United Arab Emirates,Fujairah,,2020-03-28,-58,-43,-41,,-36,21
AE,United Arab Emirates,Fujairah,,2020-03-29,-45,-27,-28,,-28,17
AE,United Arab Emirates,Fujairah,,2020-03-30,-48,-26,-30,,-29,16
AE,United Arab Emirates,Fujairah,,2020-03-31,-44,-24,-26,,-29,17
AE,United Arab Emirates,Fujairah,,2020-04-01,-43,-24,-28,,-30,16
AE,United Arab Emirates,Fujairah,,2020-04-02,-47,-26,-40,,-30,20
AE,United Arab Emirates,Fujairah,,2020-04-03,-57,-40,-64,,-30,18
AE,United Arab Emirates,Fujairah,,2020-04-04,-44,-27,-36,,-19,15
AE,United Arab Emirates,Fujairah,,2020-04-05,-39,-21,-29,,-29,17
AE,United Arab Emirates,Fujairah,,2020-04-06,-43,-21,-32,,-31,18
AE,United Arab Emirates,Fujairah,,2020-04-07,-43,-20,-41,,-32,18
AE,United Arab Emirates,Fujairah,,2020-04-08,-44,-22,-38,,-32,19
AE,United Arab Emirates,Fujairah,,2020-04-09,-48,-28,-48,,-34,22
AE,United Arab Emirates,Fujairah,,2020-04-10,-57,-40,-69,,-31,19
AE,United Arab Emirates,Fujairah,,2020-04-11,-43,-26,-45,,-22,16
AE,United Arab Emirates,Fujairah,,2020-04-12,-41,-22,-36,,-31,18
AE,United Arab Emirates,Fujairah,,2020-04-13,-42,-20,-40,,-30,18
AE,United Arab Emirates,Fujairah,,2020-04-14,-42,-20,-41,,-31,18
AE,United Arab Emirates,Fujairah,,2020-04-15,-41,-23,-35,,-31,18
AE,United Arab Emirates,Fujairah,,2020-04-16,-46,-22,-43,,-30,21
AE,United Arab Emirates,Fujairah,,2020-04-17,-54,-36,-64,,-26,18
AE,United Arab Emirates,Fujairah,,2020-04-18,-44,-30,-46,-35,-19,15
AE,United Arab Emirates,Fujairah,,2020-04-19,-41,-25,-34,-37,-30,17
AE,United Arab Emirates,Fujairah,,2020-04-20,-42,-24,-39,-40,-31,17
AE,United Arab Emirates,Fujairah,,2020-04-21,-42,-23,-39,-34,-31,17
AE,United Arab Emirates,Fujairah,,2020-04-22,-39,-20,-37,-37,-31,17
AE,United Arab Emirates,Fujairah,,2020-04-23,-42,-20,-48,-36,-30,20
AE,United Arab Emirates,Fujairah,,2020-04-24,-57,-39,-72,,-30,20
AE,United Arab Emirates,Fujairah,,2020-04-25,-48,-29,-51,-41,-22,19
AE,United Arab Emirates,Fujairah,,2020-04-26,-45,-27,-40,-44,-31,21
AE,United Arab Emirates,Ras al Khaimah,,2020-02-15,2,2,15,-6,2,0
AE,United Arab Emirates,Ras al Khaimah,,2020-02-16,0,2,0,-2,1,1
AE,United Arab Emirates,Ras al Khaimah,,2020-02-17,-3,-2,-1,2,2,1
AE,United Arab Emirates,Ras al Khaimah,,2020-02-18,-3,-2,5,-2,2,1
AE,United Arab Emirates,Ras al Khaimah,,2020-02-19,0,-3,0,-8,2,1
AE,United Arab Emirates,Ras al Khaimah,,2020-02-20,-2,-3,3,-7,1,1
AE,United Arab Emirates,Ras al Khaimah,,2020-02-21,-2,-1,18,-4,1,2
AE,United Arab Emirates,Ras al Khaimah,,2020-02-22,-1,0,11,-8,2,1
AE,United Arab Emirates,Ras al Khaimah,,2020-02-23,-2,-2,3,-10,3,1
AE,United Arab Emirates,Ras al Khaimah,,2020-02-24,-3,-4,-2,0,3,1
AE,United Arab Emirates,Ras al Khaimah,,2020-02-25,-4,-1,4,-8,2,1
AE,United Arab Emirates,Ras al Khaimah,,2020-02-26,-1,0,-1,-8,2,1
AE,United Arab Emirates,Ras al Khaimah,,2020-02-27,2,1,8,-7,1,1
AE,United Arab Emirates,Ras al Khaimah,,2020-02-28,2,4,26,-8,1,1
AE,United Arab Emirates,Ras al Khaimah,,2020-02-29,3,9,8,-8,3,0
AE,United Arab Emirates,Ras al Khaimah,,2020-03-01,5,6,-1,2,4,0
AE,United Arab Emirates,Ras al Khaimah,,2020-03-02,2,3,1,-4,3,1
AE,United Arab Emirates,Ras al Khaimah,,2020-03-03,1,3,2,-2,3,1
AE,United Arab Emirates,Ras al Khaimah,,2020-03-04,2,5,-1,2,2,2
AE,United Arab Emirates,Ras al Khaimah,,2020-03-05,1,5,-1,3,3,3
AE,United Arab Emirates,Ras al Khaimah,,2020-03-06,-3,5,10,2,2,3
AE,United Arab Emirates,Ras al Khaimah,,2020-03-07,2,4,7,-4,4,1
AE,United Arab Emirates,Ras al Khaimah,,2020-03-08,4,5,6,-7,-4,3
AE,United Arab Emirates,Ras al Khaimah,,2020-03-09,2,3,8,0,-5,3
AE,United Arab Emirates,Ras al Khaimah,,2020-03-10,2,3,8,-2,-6,4
AE,United Arab Emirates,Ras al Khaimah,,2020-03-11,3,6,5,-2,-6,4
AE,United Arab Emirates,Ras al Khaimah,,2020-03-12,-2,3,7,-7,-6,5
AE,United Arab Emirates,Ras al Khaimah,,2020-03-13,-7,4,13,-4,0,5
AE,United Arab Emirates,Ras al Khaimah,,2020-03-14,-4,7,12,-10,2,3
AE,United Arab Emirates,Ras al Khaimah,,2020-03-15,0,6,9,-13,-6,4
AE,United Arab Emirates,Ras al Khaimah,,2020-03-16,-6,3,6,-4,-7,5
AE,United Arab Emirates,Ras al Khaimah,,2020-03-17,-11,0,10,-12,-8,6
AE,United Arab Emirates,Ras al Khaimah,,2020-03-18,-11,-2,0,-14,-8,7
AE,United Arab Emirates,Ras al Khaimah,,2020-03-19,-17,-6,-5,-22,-10,9
AE,United Arab Emirates,Ras al Khaimah,,2020-03-20,-27,-10,-20,-32,-7,10
AE,United Arab Emirates,Ras al Khaimah,,2020-03-21,-19,-7,-13,-32,-4,8
AE,United Arab Emirates,Ras al Khaimah,,2020-03-22,-30,-22,-15,-45,-15,10
AE,United Arab Emirates,Ras al Khaimah,,2020-03-23,-17,7,-17,-28,-17,10
AE,United Arab Emirates,Ras al Khaimah,,2020-03-24,-27,-6,-21,-38,-20,12
AE,United Arab Emirates,Ras al Khaimah,,2020-03-25,-35,-14,-24,-50,-23,15
AE,United Arab Emirates,Ras al Khaimah,,2020-03-26,-44,-20,-34,-55,-28,19
AE,United Arab Emirates,Ras al Khaimah,,2020-03-27,-73,-56,-67,-86,-40,22
AE,United Arab Emirates,Ras al Khaimah,,2020-03-28,-60,-40,-44,-64,-42,21
AE,United Arab Emirates,Ras al Khaimah,,2020-03-29,-45,-26,-28,-67,-31,18
AE,United Arab Emirates,Ras al Khaimah,,2020-03-30,-46,-26,-29,-66,-33,17
AE,United Arab Emirates,Ras al Khaimah,,2020-03-31,-44,-23,-25,-62,-32,17
AE,United Arab Emirates,Ras al Khaimah,,2020-04-01,-42,-21,-31,-56,-33,18
AE,United Arab Emirates,Ras al Khaimah,,2020-04-02,-46,-24,-34,-71,-33,21
AE,United Arab Emirates,Ras al Khaimah,,2020-04-03,-56,-34,-58,-76,-32,18
AE,United Arab Emirates,Ras al Khaimah,,2020-04-04,-43,-22,-32,-62,-23,15
AE,United Arab Emirates,Ras al Khaimah,,2020-04-05,-38,-18,-23,-67,-33,18
AE,United Arab Emirates,Ras al Khaimah,,2020-04-06,-42,-19,-22,-57,-35,18
AE,United Arab Emirates,Ras al Khaimah,,2020-04-07,-45,-19,-40,-62,-34,18
AE,United Arab Emirates,Ras al Khaimah,,2020-04-08,-44,-18,-46,-60,-34,19
AE,United Arab Emirates,Ras al Khaimah,,2020-04-09,-48,-24,-46,-60,-36,22
AE,United Arab Emirates,Ras al Khaimah,,2020-04-10,-59,-33,-67,-74,-33,19
AE,United Arab Emirates,Ras al Khaimah,,2020-04-11,-45,-20,-47,-60,-26,16
AE,United Arab Emirates,Ras al Khaimah,,2020-04-12,-41,-17,-41,-60,-35,18
AE,United Arab Emirates,Ras al Khaimah,,2020-04-13,-43,-20,-37,-47,-34,19
AE,United Arab Emirates,Ras al Khaimah,,2020-04-14,-44,-20,-34,-56,-34,18
AE,United Arab Emirates,Ras al Khaimah,,2020-04-15,-44,-22,-42,-50,-34,19
AE,United Arab Emirates,Ras al Khaimah,,2020-04-16,-47,-24,-49,-59,-34,22
AE,United Arab Emirates,Ras al Khaimah,,2020-04-17,-57,-31,-68,-74,-30,18
AE,United Arab Emirates,Ras al Khaimah,,2020-04-18,-46,-25,-52,-58,-24,16
AE,United Arab Emirates,Ras al Khaimah,,2020-04-19,-42,-22,-43,-58,-32,18
AE,United Arab Emirates,Ras al Khaimah,,2020-04-20,-44,-24,-41,-52,-33,18
AE,United Arab Emirates,Ras al Khaimah,,2020-04-21,-43,-22,-42,-58,-33,18
AE,United Arab Emirates,Ras al Khaimah,,2020-04-22,-41,-20,-43,-56,-34,18
AE,United Arab Emirates,Ras al Khaimah,,2020-04-23,-43,-21,-48,-58,-34,21
AE,United Arab Emirates,Ras al Khaimah,,2020-04-24,-60,-34,-70,-74,-33,21
AE,United Arab Emirates,Ras al Khaimah,,2020-04-25,-49,-28,-54,-60,-26,19
AE,United Arab Emirates,Ras al Khaimah,,2020-04-26,-45,-24,-47,-65,-34,21
AE,United Arab Emirates,Sharjah,,2020-02-15,2,6,11,0,3,0
AE,United Arab Emirates,Sharjah,,2020-02-16,3,6,5,0,3,1
AE,United Arab Emirates,Sharjah,,2020-02-17,-1,2,2,-2,3,1
AE,United Arab Emirates,Sharjah,,2020-02-18,-1,2,5,-2,3,1
AE,United Arab Emirates,Sharjah,,2020-02-19,-1,1,3,-3,3,1
AE,United Arab Emirates,Sharjah,,2020-02-20,-1,2,4,1,2,1
AE,United Arab Emirates,Sharjah,,2020-02-21,0,0,4,0,-1,1
AE,United Arab Emirates,Sharjah,,2020-02-22,0,1,5,-6,3,1
AE,United Arab Emirates,Sharjah,,2020-02-23,3,3,4,-2,4,1
AE,United Arab Emirates,Sharjah,,2020-02-24,0,0,6,-2,4,1
AE,United Arab Emirates,Sharjah,,2020-02-25,-1,1,4,-4,3,1
AE,United Arab Emirates,Sharjah,,2020-02-26,0,-1,-2,-2,3,1
AE,United Arab Emirates,Sharjah,,2020-02-27,3,4,2,2,2,1
AE,United Arab Emirates,Sharjah,,2020-02-28,3,1,1,-2,0,1
AE,United Arab Emirates,Sharjah,,2020-02-29,4,3,4,-1,5,0
AE,United Arab Emirates,Sharjah,,2020-03-01,8,7,6,1,4,1
AE,United Arab Emirates,Sharjah,,2020-03-02,3,4,5,-3,5,1
AE,United Arab Emirates,Sharjah,,2020-03-03,3,5,3,-3,4,1
AE,United Arab Emirates,Sharjah,,2020-03-04,2,4,1,-5,4,1
AE,United Arab Emirates,Sharjah,,2020-03-05,1,4,0,0,4,2
AE,United Arab Emirates,Sharjah,,2020-03-06,-1,3,-5,0,-1,3
AE,United Arab Emirates,Sharjah,,2020-03-07,2,3,6,-2,4,2
AE,United Arab Emirates,Sharjah,,2020-03-08,6,6,11,-5,-1,3
AE,United Arab Emirates,Sharjah,,2020-03-09,1,2,7,-7,-2,3
AE,United Arab Emirates,Sharjah,,2020-03-10,0,3,9,-6,-2,4
AE,United Arab Emirates,Sharjah,,2020-03-11,0,3,4,-9,-2,4
AE,United Arab Emirates,Sharjah,,2020-03-12,-1,4,-4,-7,-3,5
AE,United Arab Emirates,Sharjah,,2020-03-13,-6,-1,-10,-11,-2,5
AE,United Arab Emirates,Sharjah,,2020-03-14,-4,1,-8,-13,2,4
AE,United Arab Emirates,Sharjah,,2020-03-15,2,8,-6,-8,-3,5
AE,United Arab Emirates,Sharjah,,2020-03-16,-4,5,-10,-7,-5,6
AE,United Arab Emirates,Sharjah,,2020-03-17,-8,4,-16,-16,-7,7
AE,United Arab Emirates,Sharjah,,2020-03-18,-10,-1,-17,-23,-8,8
AE,United Arab Emirates,Sharjah,,2020-03-19,-14,-3,-27,-33,-9,10
AE,United Arab Emirates,Sharjah,,2020-03-20,-27,-15,-46,-42,-11,11
AE,United Arab Emirates,Sharjah,,2020-03-21,-24,-15,-32,-43,-6,9
AE,United Arab Emirates,Sharjah,,2020-03-22,-23,-14,-33,-53,-14,12
AE,United Arab Emirates,Sharjah,,2020-03-23,-18,15,-33,-51,-17,12
AE,United Arab Emirates,Sharjah,,2020-03-24,-31,-6,-40,-57,-24,16
AE,United Arab Emirates,Sharjah,,2020-03-25,-40,-18,-46,-62,-30,19
AE,United Arab Emirates,Sharjah,,2020-03-26,-45,-14,-53,-67,-36,23
AE,United Arab Emirates,Sharjah,,2020-03-27,-77,-63,-82,-85,-48,23
AE,United Arab Emirates,Sharjah,,2020-03-28,-69,-51,-69,-82,-58,27
AE,United Arab Emirates,Sharjah,,2020-03-29,-45,-25,-51,-66,-40,23
AE,United Arab Emirates,Sharjah,,2020-03-30,-46,-27,-51,-65,-41,23
AE,United Arab Emirates,Sharjah,,2020-03-31,-45,-25,-52,-66,-41,22
AE,United Arab Emirates,Sharjah,,2020-04-01,-43,-25,-50,-68,-41,23
AE,United Arab Emirates,Sharjah,,2020-04-02,-46,-25,-54,-70,-41,25
AE,United Arab Emirates,Sharjah,,2020-04-03,-61,-41,-73,-78,-37,19
AE,United Arab Emirates,Sharjah,,2020-04-04,-47,-26,-55,-71,-31,18
AE,United Arab Emirates,Sharjah,,2020-04-05,-45,-19,-51,-71,-51,27
AE,United Arab Emirates,Sharjah,,2020-04-06,-48,-25,-54,-73,-50,27
AE,United Arab Emirates,Sharjah,,2020-04-07,-47,-22,-82,-71,-49,27
AE,United Arab Emirates,Sharjah,,2020-04-08,-47,-23,-83,-71,-49,26
AE,United Arab Emirates,Sharjah,,2020-04-09,-48,-24,-84,-71,-49,29
AE,United Arab Emirates,Sharjah,,2020-04-10,-64,-44,-91,-81,-41,21
AE,United Arab Emirates,Sharjah,,2020-04-11,-49,-26,-85,-73,-39,21
AE,United Arab Emirates,Sharjah,,2020-04-12,-43,-20,-83,-70,-50,27
AE,United Arab Emirates,Sharjah,,2020-04-13,-45,-22,-82,-71,-49,27
AE,United Arab Emirates,Sharjah,,2020-04-14,-45,-23,-82,-71,-50,27
AE,United Arab Emirates,Sharjah,,2020-04-15,-46,-26,-82,-72,-50,28
AE,United Arab Emirates,Sharjah,,2020-04-16,-47,-25,-83,-72,-50,30
AE,United Arab Emirates,Sharjah,,2020-04-17,-63,-44,-90,-80,-39,20
AE,United Arab Emirates,Sharjah,,2020-04-18,-50,-31,-84,-74,-39,21
AE,United Arab Emirates,Sharjah,,2020-04-19,-43,-22,-81,-71,-48,27
AE,United Arab Emirates,Sharjah,,2020-04-20,-45,-26,-81,-71,-49,27
AE,United Arab Emirates,Sharjah,,2020-04-21,-46,-23,-81,-71,-49,27
AE,United Arab Emirates,Sharjah,,2020-04-22,-44,-21,-81,-71,-49,27
AE,United Arab Emirates,Sharjah,,2020-04-23,-43,-16,-83,-71,-48,29
AE,United Arab Emirates,Sharjah,,2020-04-24,-63,-38,-91,-79,-41,21
AE,United Arab Emirates,Sharjah,,2020-04-25,-53,-29,-84,-75,-37,23
AE,United Arab Emirates,Sharjah,,2020-04-26,-46,-20,-82,-71,-45,28
AE,United Arab Emirates,Umm Al Quawain,,2020-02-15,3,10,,,2,2
AE,United Arab Emirates,Umm Al Quawain,,2020-02-16,0,3,,,4,2
AE,United Arab Emirates,Umm Al Quawain,,2020-02-17,0,3,,,3,1
AE,United Arab Emirates,Umm Al Quawain,,2020-02-18,0,1,,,6,1
AE,United Arab Emirates,Umm Al Quawain,,2020-02-19,-1,-1,,,3,1
AE,United Arab Emirates,Umm Al Quawain,,2020-02-20,-5,-2,,,3,2
AE,United Arab Emirates,Umm Al Quawain,,2020-02-21,3,3,,,2,
AE,United Arab Emirates,Umm Al Quawain,,2020-02-22,-2,5,,,8,2
AE,United Arab Emirates,Umm Al Quawain,,2020-02-23,-4,-1,,,5,2
AE,United Arab Emirates,Umm Al Quawain,,2020-02-24,-5,2,,,6,2
AE,United Arab Emirates,Umm Al Quawain,,2020-02-25,-4,0,,,6,2
AE,United Arab Emirates,Umm Al Quawain,,2020-02-26,-4,0,,,3,2
AE,United Arab Emirates,Umm Al Quawain,,2020-02-27,-4,2,,,1,2
AE,United Arab Emirates,Umm Al Quawain,,2020-02-28,1,3,,,2,
AE,United Arab Emirates,Umm Al Quawain,,2020-02-29,4,12,,,4,1
AE,United Arab Emirates,Umm Al Quawain,,2020-03-01,4,10,,,4,2
AE,United Arab Emirates,Umm Al Quawain,,2020-03-02,4,7,,,4,1
AE,United Arab Emirates,Umm Al Quawain,,2020-03-03,3,2,,,5,2
AE,United Arab Emirates,Umm Al Quawain,,2020-03-04,0,8,,,3,2
AE,United Arab Emirates,Umm Al Quawain,,2020-03-05,-2,10,,,4,3
AE,United Arab Emirates,Umm Al Quawain,,2020-03-06,0,12,,,-1,
AE,United Arab Emirates,Umm Al Quawain,,2020-03-07,4,12,,,3,2
AE,United Arab Emirates,Umm Al Quawain,,2020-03-08,2,8,,,-2,2
AE,United Arab Emirates,Umm Al Quawain,,2020-03-09,-1,8,,,-3,4
AE,United Arab Emirates,Umm Al Quawain,,2020-03-10,-1,7,,,0,4
AE,United Arab Emirates,Umm Al Quawain,,2020-03-11,2,10,,,-2,4
AE,United Arab Emirates,Umm Al Quawain,,2020-03-12,-5,7,,,-1,5
AE,United Arab Emirates,Umm Al Quawain,,2020-03-13,-4,8,,,1,
AE,United Arab Emirates,Umm Al Quawain,,2020-03-14,0,9,,,5,4
AE,United Arab Emirates,Umm Al Quawain,,2020-03-15,-1,10,,,0,5
AE,United Arab Emirates,Umm Al Quawain,,2020-03-16,-4,9,,,-2,5
AE,United Arab Emirates,Umm Al Quawain,,2020-03-17,-6,9,,,-1,5
AE,United Arab Emirates,Umm Al Quawain,,2020-03-18,-12,2,,,-7,7
AE,United Arab Emirates,Umm Al Quawain,,2020-03-19,-20,-3,,,-6,9
AE,United Arab Emirates,Umm Al Quawain,,2020-03-20,-23,-9,,,-11,
AE,United Arab Emirates,Umm Al Quawain,,2020-03-21,-18,-4,,,-2,
AE,United Arab Emirates,Umm Al Quawain,,2020-03-22,-21,-13,,,-9,11
AE,United Arab Emirates,Umm Al Quawain,,2020-03-23,-14,10,,,-12,10
AE,United Arab Emirates,Umm Al Quawain,,2020-03-24,-23,-6,,,-16,13
AE,United Arab Emirates,Umm Al Quawain,,2020-03-25,-31,-13,,,-20,15
AE,United Arab Emirates,Umm Al Quawain,,2020-03-26,-41,-11,,,-24,19
AE,United Arab Emirates,Umm Al Quawain,,2020-03-27,-71,-59,,,-38,
AE,United Arab Emirates,Umm Al Quawain,,2020-03-28,-58,-39,,,-46,
AE,United Arab Emirates,Umm Al Quawain,,2020-03-29,-40,-18,,,-27,
AE,United Arab Emirates,Umm Al Quawain,,2020-03-30,-36,-22,,,-28,
AE,United Arab Emirates,Umm Al Quawain,,2020-03-31,-38,-21,,,-26,
AE,United Arab Emirates,Umm Al Quawain,,2020-04-01,-39,-18,,,-29,
AE,United Arab Emirates,Umm Al Quawain,,2020-04-02,-42,-19,,,-29,
AE,United Arab Emirates,Umm Al Quawain,,2020-04-03,-52,-36,,,-27,
AE,United Arab Emirates,Umm Al Quawain,,2020-04-04,-40,-15,,,-20,
AE,United Arab Emirates,Umm Al Quawain,,2020-04-05,-34,-11,,,-33,
AE,United Arab Emirates,Umm Al Quawain,,2020-04-06,-38,-17,,,-33,
AE,United Arab Emirates,Umm Al Quawain,,2020-04-07,-36,-18,,,-32,
AE,United Arab Emirates,Umm Al Quawain,,2020-04-08,-39,-19,,,-34,
AE,United Arab Emirates,Umm Al Quawain,,2020-04-09,-44,-22,,,-34,
AE,United Arab Emirates,Umm Al Quawain,,2020-04-10,-54,-34,,,-29,
AE,United Arab Emirates,Umm Al Quawain,,2020-04-11,-39,-15,,,-23,
AE,United Arab Emirates,Umm Al Quawain,,2020-04-12,-38,-15,,,-34,
AE,United Arab Emirates,Umm Al Quawain,,2020-04-13,-37,-15,,,-34,
AE,United Arab Emirates,Umm Al Quawain,,2020-04-14,-40,-22,,,-31,
AE,United Arab Emirates,Umm Al Quawain,,2020-04-15,-37,-22,,,-33,
AE,United Arab Emirates,Umm Al Quawain,,2020-04-16,-42,-23,,,-35,
AE,United Arab Emirates,Umm Al Quawain,,2020-04-17,-56,-39,,,-22,
AE,United Arab Emirates,Umm Al Quawain,,2020-04-18,-41,-18,,,-22,
AE,United Arab Emirates,Umm Al Quawain,,2020-04-19,-35,-20,,,-32,
AE,United Arab Emirates,Umm Al Quawain,,2020-04-20,-37,-23,,,-32,
AE,United Arab Emirates,Umm Al Quawain,,2020-04-21,-37,-24,,,-30,
AE,United Arab Emirates,Umm Al Quawain,,2020-04-22,-36,-18,,,-32,
AE,United Arab Emirates,Umm Al Quawain,,2020-04-23,-39,-17,,,-32,
AE,United Arab Emirates,Umm Al Quawain,,2020-04-24,-59,-34,,,-29,
AE,United Arab Emirates,Umm Al Quawain,,2020-04-25,-45,-20,,,-24,
AE,United Arab Emirates,Umm Al Quawain,,2020-04-26,-40,-20,,,-32,
AF,Afghanistan,,,2020-02-15,-9,-10,0,-2,-28,5
AF,Afghanistan,,,2020-02-16,3,11,1,10,4,0
AF,Afghanistan,,,2020-02-17,6,11,2,9,5,-1
AF,Afghanistan,,,2020-02-18,3,5,3,9,6,-1
AF,Afghanistan,,,2020-02-19,-1,3,1,0,5,1
AF,Afghanistan,,,2020-02-20,-2,3,-1,4,6,1
AF,Afghanistan,,,2020-02-21,0,9,4,7,6,0
AF,Afghanistan,,,2020-02-22,2,5,6,7,6,0
AF,Afghanistan,,,2020-02-23,2,6,2,7,6,1
AF,Afghanistan,,,2020-02-24,3,13,4,9,7,0
AF,Afghanistan,,,2020-02-25,2,5,1,9,7,0
AF,Afghanistan,,,2020-02-26,-1,5,2,3,5,1
AF,Afghanistan,,,2020-02-27,-1,0,1,3,7,2
AF,Afghanistan,,,2020-02-28,-2,5,1,4,5,2
AF,Afghanistan,,,2020-02-29,-1,1,0,4,6,1
AF,Afghanistan,,,2020-03-01,3,10,2,10,9,0
AF,Afghanistan,,,2020-03-02,5,7,3,8,8,-1
AF,Afghanistan,,,2020-03-03,3,6,2,7,8,0
AF,Afghanistan,,,2020-03-04,-2,4,1,-1,7,1
AF,Afghanistan,,,2020-03-05,3,5,2,4,10,1
AF,Afghanistan,,,2020-03-06,3,9,8,4,8,1
AF,Afghanistan,,,2020-03-07,0,5,4,4,7,1
AF,Afghanistan,,,2020-03-08,5,8,4,7,7,0
AF,Afghanistan,,,2020-03-09,-15,-10,-4,-9,-22,6
AF,Afghanistan,,,2020-03-10,0,0,1,6,6,1
AF,Afghanistan,,,2020-03-11,2,-1,2,0,3,1
AF,Afghanistan,,,2020-03-12,1,-4,1,-2,6,1
AF,Afghanistan,,,2020-03-13,3,9,6,4,5,0
AF,Afghanistan,,,2020-03-14,6,2,5,5,3,0
AF,Afghanistan,,,2020-03-15,1,12,5,6,3,0
AF,Afghanistan,,,2020-03-16,1,14,2,4,1,1
AF,Afghanistan,,,2020-03-17,0,6,3,-3,1,0
AF,Afghanistan,,,2020-03-18,0,7,5,-6,-1,1
AF,Afghanistan,,,2020-03-19,-3,3,5,-6,-2,2
AF,Afghanistan,,,2020-03-20,-15,1,7,-19,-7,1
AF,Afghanistan,,,2020-03-21,-23,-13,1,-24,-36,6
AF,Afghanistan,,,2020-03-22,-12,9,-2,-14,-6,1
AF,Afghanistan,,,2020-03-23,-11,7,0,-17,-3,2
AF,Afghanistan,,,2020-03-24,-15,0,-1,-18,-5,3
AF,Afghanistan,,,2020-03-25,-18,-1,-3,-23,-10,6
AF,Afghanistan,,,2020-03-26,-18,0,-4,-23,-10,7
AF,Afghanistan,,,2020-03-27,-20,5,-2,-16,-2,5
AF,Afghanistan,,,2020-03-28,-36,-20,-7,-32,-27,11
AF,Afghanistan,,,2020-03-29,-38,-21,-13,-34,-33,10
AF,Afghanistan,,,2020-03-30,-41,-25,-15,-39,-37,11
AF,Afghanistan,,,2020-03-31,-43,-29,-14,-42,-38,12
AF,Afghanistan,,,2020-04-01,-44,-24,-9,-38,-37,11
AF,Afghanistan,,,2020-04-02,-44,-25,-10,-35,-35,13
AF,Afghanistan,,,2020-04-03,-38,-13,-8,-32,-12,6
AF,Afghanistan,,,2020-04-04,-43,-20,-11,-38,-34,10
AF,Afghanistan,,,2020-04-05,-45,-22,-13,-36,-38,12
AF,Afghanistan,,,2020-04-06,-45,-20,-11,-40,-40,11
AF,Afghanistan,,,2020-04-07,-41,-24,-11,-46,-39,10
AF,Afghanistan,,,2020-04-08,-47,-30,-12,-52,-42,14
AF,Afghanistan,,,2020-04-09,-49,-35,-13,-51,-40,17
AF,Afghanistan,,,2020-04-10,-41,-22,-10,-48,-16,11
AF,Afghanistan,,,2020-04-11,-46,-32,-12,-50,-38,16
AF,Afghanistan,,,2020-04-12,-48,-29,-18,-49,-41,15
AF,Afghanistan,,,2020-04-13,-46,-27,-13,-51,-41,14
AF,Afghanistan,,,2020-04-14,-48,-32,-14,-52,-42,15
AF,Afghanistan,,,2020-04-15,-42,-31,-10,-51,-42,14
AF,Afghanistan,,,2020-04-16,-46,-34,-13,-51,-39,16
AF,Afghanistan,,,2020-04-17,-41,-21,-12,-51,-13,11
AF,Afghanistan,,,2020-04-18,-43,-25,-15,-50,-36,14
AF,Afghanistan,,,2020-04-19,-43,-26,-16,-49,-40,13
AF,Afghanistan,,,2020-04-20,-42,-17,-13,-50,-38,12
AF,Afghanistan,,,2020-04-21,-41,-21,-13,-48,-40,11
AF,Afghanistan,,,2020-04-22,-42,-18,-14,-49,-38,11
AF,Afghanistan,,,2020-04-23,-43,-23,-16,-45,-37,13
AF,Afghanistan,,,2020-04-24,-45,-19,-25,-50,-9,14
AF,Afghanistan,,,2020-04-25,-48,-27,-23,-49,-33,18
AF,Afghanistan,,,2020-04-26,-47,-27,-23,-48,-37,17
AG,Antigua and Barbuda,,,2020-02-15,-6,-1,-6,-1,0,3
AG,Antigua and Barbuda,,,2020-02-16,-7,-2,0,3,3,
AG,Antigua and Barbuda,,,2020-02-17,0,-3,3,-3,0,3
AG,Antigua and Barbuda,,,2020-02-18,-1,-6,3,5,5,1
AG,Antigua and Barbuda,,,2020-02-19,-2,-1,1,0,2,1
AG,Antigua and Barbuda,,,2020-02-20,1,-2,0,-2,-1,1
AG,Antigua and Barbuda,,,2020-02-21,-2,1,2,-2,-9,3
AG,Antigua and Barbuda,,,2020-02-22,-5,0,7,-4,5,0
AG,Antigua and Barbuda,,,2020-02-23,1,3,14,-7,-1,
AG,Antigua and Barbuda,,,2020-02-24,-6,1,-1,-5,1,1
AG,Antigua and Barbuda,,,2020-02-25,1,0,1,-3,2,1
AG,Antigua and Barbuda,,,2020-02-26,-5,1,-3,-10,2,2
AG,Antigua and Barbuda,,,2020-02-27,2,1,0,2,0,1
AG,Antigua and Barbuda,,,2020-02-28,4,4,5,13,3,0
AG,Antigua and Barbuda,,,2020-02-29,5,7,7,8,6,-1
AG,Antigua and Barbuda,,,2020-03-01,3,9,12,9,2,
AG,Antigua and Barbuda,,,2020-03-02,8,8,8,11,2,0
AG,Antigua and Barbuda,,,2020-03-03,6,5,3,-1,3,1
AG,Antigua and Barbuda,,,2020-03-04,3,4,4,1,2,0
AG,Antigua and Barbuda,,,2020-03-05,5,4,3,0,2,2
AG,Antigua and Barbuda,,,2020-03-06,0,8,-1,5,5,0
AG,Antigua and Barbuda,,,2020-03-07,1,6,5,6,7,0
AG,Antigua and Barbuda,,,2020-03-08,3,2,13,3,1,
AG,Antigua and Barbuda,,,2020-03-09,-4,4,1,-3,2,1
AG,Antigua and Barbuda,,,2020-03-10,5,4,1,0,4,1
AG,Antigua and Barbuda,,,2020-03-11,-2,9,2,-7,5,0
AG,Antigua and Barbuda,,,2020-03-12,7,14,6,-5,2,1
AG,Antigua and Barbuda,,,2020-03-13,0,19,0,4,5,0
AG,Antigua and Barbuda,,,2020-03-14,-11,2,-4,-10,1,4
AG,Antigua and Barbuda,,,2020-03-15,-12,-2,-10,-10,-7,
AG,Antigua and Barbuda,,,2020-03-16,-15,-5,-8,-10,-15,9
AG,Antigua and Barbuda,,,2020-03-17,-19,-7,-16,-18,-15,11
AG,Antigua and Barbuda,,,2020-03-18,-20,-9,-14,-19,-19,10
AG,Antigua and Barbuda,,,2020-03-19,-18,-3,-15,-20,-21,12
AG,Antigua and Barbuda,,,2020-03-20,-19,-2,-18,-18,-20,13
AG,Antigua and Barbuda,,,2020-03-21,-24,0,-17,-26,-13,
AG,Antigua and Barbuda,,,2020-03-22,-38,-18,-29,-39,-22,
AG,Antigua and Barbuda,,,2020-03-23,-24,-14,-22,-27,-26,14
AG,Antigua and Barbuda,,,2020-03-24,-29,-9,-31,-30,-28,17
AG,Antigua and Barbuda,,,2020-03-25,-23,-5,-24,-35,-27,14
AG,Antigua and Barbuda,,,2020-03-26,-25,-8,-25,-31,-31,17
AG,Antigua and Barbuda,,,2020-03-27,-22,2,-22,-36,-29,17
AG,Antigua and Barbuda,,,2020-03-28,-35,-7,-29,-54,-37,
AG,Antigua and Barbuda,,,2020-03-29,-46,-21,-30,-67,-48,
AG,Antigua and Barbuda,,,2020-03-30,-39,-15,-29,-47,-44,23
AG,Antigua and Barbuda,,,2020-03-31,-32,3,-27,-51,-48,22
AG,Antigua and Barbuda,,,2020-04-01,-25,15,-19,-49,-53,16
AG,Antigua and Barbuda,,,2020-04-02,-87,-75,-75,-89,-82,
AG,Antigua and Barbuda,,,2020-04-03,-86,-68,-70,-86,-81,
AG,Antigua and Barbuda,,,2020-04-04,-82,-63,-67,-86,-73,
AG,Antigua and Barbuda,,,2020-04-05,-78,-55,-65,-83,-66,
AG,Antigua and Barbuda,,,2020-04-06,-80,-59,-61,-84,-80,
AG,Antigua and Barbuda,,,2020-04-07,-78,-53,-61,-84,-79,
AG,Antigua and Barbuda,,,2020-04-08,-78,-50,-61,-82,-79,
AG,Antigua and Barbuda,,,2020-04-09,-66,-34,-57,-74,-76,
AG,Antigua and Barbuda,,,2020-04-10,-95,-95,-80,-94,-91,
AG,Antigua and Barbuda,,,2020-04-11,-70,-45,-56,-83,-68,
AG,Antigua and Barbuda,,,2020-04-12,-74,-52,-60,-83,-65,
AG,Antigua and Barbuda,,,2020-04-13,-85,-69,-62,-90,-86,
AG,Antigua and Barbuda,,,2020-04-14,-74,-52,-59,-81,-75,
AG,Antigua and Barbuda,,,2020-04-15,-68,-46,-59,-77,-73,
AG,Antigua and Barbuda,,,2020-04-16,-67,-48,-55,-78,-73,
AG,Antigua and Barbuda,,,2020-04-17,-67,-47,-55,-74,-69,
AG,Antigua and Barbuda,,,2020-04-18,-72,-50,-54,-65,-63,
AG,Antigua and Barbuda,,,2020-04-19,-69,-50,-55,-79,-59,
AG,Antigua and Barbuda,,,2020-04-20,-68,-50,-49,-74,-68,
AG,Antigua and Barbuda,,,2020-04-21,-66,-50,-53,-73,-69,
AG,Antigua and Barbuda,,,2020-04-22,-65,-49,-53,-73,-66,
AG,Antigua and Barbuda,,,2020-04-23,-55,-33,-39,-72,-63,
AG,Antigua and Barbuda,,,2020-04-24,-55,-36,-40,-64,-59,
AG,Antigua and Barbuda,,,2020-04-25,-57,-40,-38,-63,-54,
AG,Antigua and Barbuda,,,2020-04-26,-62,-43,-42,-77,-53,
AO,Angola,,,2020-02-15,3,-2,7,3,2,1
AO,Angola,,,2020-02-16,-4,0,-11,1,-5,2
AO,Angola,,,2020-02-17,-6,-4,2,-3,5,0
AO,Angola,,,2020-02-18,-3,-4,-4,-1,5,-1
AO,Angola,,,2020-02-19,-10,-12,-3,-7,4,1
AO,Angola,,,2020-02-20,-4,-5,0,-3,4,-1
AO,Angola,,,2020-02-21,-2,-1,3,0,5,0
AO,Angola,,,2020-02-22,0,2,14,4,-1,0
AO,Angola,,,2020-02-23,-1,2,5,-8,-6,1
AO,Angola,,,2020-02-24,-9,-8,3,-25,-63,12
AO,Angola,,,2020-02-25,-17,-20,-12,-28,-69,13
AO,Angola,,,2020-02-26,-3,-3,-2,-7,2,-1
AO,Angola,,,2020-02-27,2,3,5,-3,4,-1
AO,Angola,,,2020-02-28,6,7,8,0,4,0
AO,Angola,,,2020-02-29,7,10,9,4,5,0
AO,Angola,,,2020-03-01,5,16,-1,6,5,0
AO,Angola,,,2020-03-02,6,9,8,3,8,-1
AO,Angola,,,2020-03-03,4,7,8,0,8,-2
AO,Angola,,,2020-03-04,7,6,12,-3,8,-1
AO,Angola,,,2020-03-05,5,8,17,0,9,-2
AO,Angola,,,2020-03-06,6,6,10,-3,8,-1
AO,Angola,,,2020-03-07,7,7,18,4,3,-1
AO,Angola,,,2020-03-08,5,8,4,-3,0,0
AO,Angola,,,2020-03-09,0,3,7,-5,8,-1
AO,Angola,,,2020-03-10,1,3,3,-6,8,-2
AO,Angola,,,2020-03-11,1,0,5,-11,8,-1
AO,Angola,,,2020-03-12,1,2,10,-4,8,-2
AO,Angola,,,2020-03-13,2,1,5,-10,8,-1
AO,Angola,,,2020-03-14,2,2,8,-4,2,1
AO,Angola,,,2020-03-15,-5,2,-4,-8,-4,2
AO,Angola,,,2020-03-16,-4,0,1,-12,7,-1
AO,Angola,,,2020-03-17,-6,-3,0,-17,6,0
AO,Angola,,,2020-03-18,-4,1,-1,-12,5,0
AO,Angola,,,2020-03-19,-4,11,5,-5,5,0
AO,Angola,,,2020-03-20,-5,13,-5,-21,3,2
AO,Angola,,,2020-03-21,-10,16,-8,-8,-1,5
AO,Angola,,,2020-03-22,-33,-4,-29,-41,-10,13
AO,Angola,,,2020-03-23,-43,-25,-31,-52,-68,26
AO,Angola,,,2020-03-24,-26,-8,-21,-36,-14,12
AO,Angola,,,2020-03-25,-22,1,-24,-41,-22,15
AO,Angola,,,2020-03-26,-10,23,-9,-25,-27,11
AO,Angola,,,2020-03-27,-48,-22,-32,-52,-47,26
AO,Angola,,,2020-03-28,-51,-33,-28,-41,-22,20
AO,Angola,,,2020-03-29,-61,-40,-39,-57,-11,22
AO,Angola,,,2020-03-30,-55,-36,-35,-59,-54,30
AO,Angola,,,2020-03-31,-55,-37,-37,-62,-55,29
AO,Angola,,,2020-04-01,-55,-36,-40,-61,-55,28
AO,Angola,,,2020-04-02,-55,-35,-34,-60,-55,28
AO,Angola,,,2020-04-03,-58,-35,-41,-63,-53,32
AO,Angola,,,2020-04-04,-58,-40,-37,-56,-36,24
AO,Angola,,,2020-04-05,-62,-37,-48,-63,-17,22
AO,Angola,,,2020-04-06,-52,-33,-37,-59,-52,28
AO,Angola,,,2020-04-07,-53,-33,-41,-61,-54,28
AO,Angola,,,2020-04-08,-54,-36,-41,-62,-53,28
AO,Angola,,,2020-04-09,-51,-30,-34,-58,-53,27
AO,Angola,,,2020-04-10,-60,-37,-49,-65,-69,36
AO,Angola,,,2020-04-11,-53,-32,-37,-44,-31,22
AO,Angola,,,2020-04-12,-60,-36,-45,-56,-18,21
AO,Angola,,,2020-04-13,-55,-40,-39,-60,-51,29
AO,Angola,,,2020-04-14,-52,-35,-40,-57,-51,27
AO,Angola,,,2020-04-15,-54,-40,-41,-64,-52,29
AO,Angola,,,2020-04-16,-52,-34,-36,-59,-51,25
AO,Angola,,,2020-04-17,-56,-37,-43,-63,-50,31
AO,Angola,,,2020-04-18,-60,-41,-39,-61,-35,23
AO,Angola,,,2020-04-19,-63,-41,-47,-68,-18,21
AO,Angola,,,2020-04-20,-55,-39,-38,-67,-49,28
AO,Angola,,,2020-04-21,-53,-34,-37,-64,-49,27
AO,Angola,,,2020-04-22,-55,-40,-41,-68,-50,28
AO,Angola,,,2020-04-23,-51,-31,-36,-63,-49,26
AO,Angola,,,2020-04-24,-55,-34,-39,-65,-47,29
AO,Angola,,,2020-04-25,-47,-24,-27,-53,-24,18
AO,Angola,,,2020-04-26,-51,-23,-41,-63,-9,19
AR,Argentina,,,2020-02-15,1,-3,-3,4,-1,0
AR,Argentina,,,2020-02-16,-6,-6,-14,-2,-4,2
AR,Argentina,,,2020-02-17,-10,-8,-23,-2,7,1
AR,Argentina,,,2020-02-18,3,3,-2,9,9,-1
AR,Argentina,,,2020-02-19,1,0,10,8,11,-2
AR,Argentina,,,2020-02-20,0,0,-8,7,9,-1
AR,Argentina,,,2020-02-21,3,4,-9,9,9,-1
AR,Argentina,,,2020-02-22,6,5,4,7,-1,0
AR,Argentina,,,2020-02-23,14,8,18,5,-2,0
AR,Argentina,,,2020-02-24,-10,-16,26,-27,-54,6
AR,Argentina,,,2020-02-25,-20,-17,1,-28,-50,7
AR,Argentina,,,2020-02-26,1,2,5,9,13,-2
AR,Argentina,,,2020-02-27,-1,0,-5,8,12,0
AR,Argentina,,,2020-02-28,3,2,-8,8,13,-1
AR,Argentina,,,2020-02-29,5,5,-8,6,2,1
AR,Argentina,,,2020-03-01,-3,3,-11,1,-2,2
AR,Argentina,,,2020-03-02,1,4,-8,7,16,-1
AR,Argentina,,,2020-03-03,0,5,-6,8,16,-1
AR,Argentina,,,2020-03-04,-1,3,-1,8,18,-2
AR,Argentina,,,2020-03-05,1,4,-9,10,18,-1
AR,Argentina,,,2020-03-06,6,8,-7,12,18,-2
AR,Argentina,,,2020-03-07,5,7,-10,8,3,1
AR,Argentina,,,2020-03-08,3,4,-12,3,-2,2
AR,Argentina,,,2020-03-09,1,5,-9,13,15,-1
AR,Argentina,,,2020-03-10,3,8,-9,14,18,-2
AR,Argentina,,,2020-03-11,-16,-7,-24,-6,15,0
AR,Argentina,,,2020-03-12,-4,8,-16,10,18,-1
AR,Argentina,,,2020-03-13,-5,10,-17,7,18,-1
AR,Argentina,,,2020-03-14,-19,5,-40,-19,-4,7
AR,Argentina,,,2020-03-15,-29,17,-44,-17,-10,9
AR,Argentina,,,2020-03-16,-27,8,-39,-17,1,6
AR,Argentina,,,2020-03-17,-41,-11,-54,-32,-12,11
AR,Argentina,,,2020-03-18,-43,-11,-49,-35,-19,12
AR,Argentina,,,2020-03-19,-42,5,-55,-35,-24,13
AR,Argentina,,,2020-03-20,-78,-40,-80,-72,-61,29
AR,Argentina,,,2020-03-21,-83,-49,-85,-75,-57,28
AR,Argentina,,,2020-03-22,-87,-61,-90,-81,-58,27
AR,Argentina,,,2020-03-23,-88,-64,-88,-85,-79,32
AR,Argentina,,,2020-03-24,-88,-64,-88,-85,-79,31
AR,Argentina,,,2020-03-25,-82,-50,-82,-77,-68,28
AR,Argentina,,,2020-03-26,-83,-52,-84,-77,-68,30
AR,Argentina,,,2020-03-27,-81,-49,-82,-75,-67,32
AR,Argentina,,,2020-03-28,-82,-48,-84,-75,-59,29
AR,Argentina,,,2020-03-29,-86,-61,-89,-80,-57,27
AR,Argentina,,,2020-03-30,-81,-51,-83,-77,-68,28
AR,Argentina,,,2020-03-31,-85,-59,-85,-82,-76,30
AR,Argentina,,,2020-04-01,-79,-46,-79,-75,-64,27
AR,Argentina,,,2020-04-02,-79,-47,-81,-74,-64,29
AR,Argentina,,,2020-04-03,-77,-41,-78,-71,-62,31
AR,Argentina,,,2020-04-04,-77,-41,-81,-71,-54,27
AR,Argentina,,,2020-04-05,-83,-54,-87,-76,-52,26
AR,Argentina,,,2020-04-06,-75,-41,-77,-70,-60,26
AR,Argentina,,,2020-04-07,-82,-30,-72,-64,-59,25
AR,Argentina,,,2020-04-08,-82,-28,-69,-63,-58,24
AR,Argentina,,,2020-04-09,-83,-30,-75,-67,-63,27
AR,Argentina,,,2020-04-10,-90,-58,-85,-79,-76,35
AR,Argentina,,,2020-04-11,-84,-34,-80,-67,-52,27
AR,Argentina,,,2020-04-12,-87,-51,-86,-74,-49,25
AR,Argentina,,,2020-04-13,-83,-40,-74,-67,-55,25
AR,Argentina,,,2020-04-14,-81,-31,-70,-63,-54,24
AR,Argentina,,,2020-04-15,-81,-31,-70,-62,-53,24
AR,Argentina,,,2020-04-16,-83,-31,-92,-61,-53,26
AR,Argentina,,,2020-04-17,-83,-29,-92,-61,-52,28
AR,Argentina,,,2020-04-18,-85,-36,-94,-65,-45,26
AR,Argentina,,,2020-04-19,-89,-53,-95,-73,-48,25
AR,Argentina,,,2020-04-20,-83,-37,-92,-62,-49,24
AR,Argentina,,,2020-04-21,-82,-34,-92,-61,-50,23
AR,Argentina,,,2020-04-22,-83,-34,-91,-61,-49,23
AR,Argentina,,,2020-04-23,-83,-35,-92,-62,-49,24
AR,Argentina,,,2020-04-24,-83,-34,-92,-63,-48,27
AR,Argentina,,,2020-04-25,-86,-39,-94,-68,-44,26
AR,Argentina,,,2020-04-26,-88,-52,-95,-72,-47,25
AR,Argentina,Buenos Aires,,2020-02-15,6,1,6,9,-2,0
AR,Argentina,Buenos Aires,,2020-02-16,2,-2,-15,3,-9,2
AR,Argentina,Buenos Aires,,2020-02-17,-9,-14,-27,2,4,2
AR,Argentina,Buenos Aires,,2020-02-18,9,9,23,11,7,-1
AR,Argentina,Buenos Aires,,2020-02-19,8,5,29,10,6,-2
AR,Argentina,Buenos Aires,,2020-02-20,3,2,-2,7,5,0
AR,Argentina,Buenos Aires,,2020-02-21,3,2,-2,10,5,0
AR,Argentina,Buenos Aires,,2020-02-22,6,4,3,8,-3,0
AR,Argentina,Buenos Aires,,2020-02-23,18,6,17,9,-6,1
AR,Argentina,Buenos Aires,,2020-02-24,-22,-21,18,-41,-70,9
AR,Argentina,Buenos Aires,,2020-02-25,-32,-17,5,-44,-69,11
AR,Argentina,Buenos Aires,,2020-02-26,3,7,16,11,8,-2
AR,Argentina,Buenos Aires,,2020-02-27,4,6,4,10,7,0
AR,Argentina,Buenos Aires,,2020-02-28,7,7,7,13,9,0
AR,Argentina,Buenos Aires,,2020-02-29,16,15,5,13,-1,2
AR,Argentina,Buenos Aires,,2020-03-01,10,17,1,8,-9,3
AR,Argentina,Buenos Aires,,2020-03-02,7,12,1,6,11,-1
AR,Argentina,Buenos Aires,,2020-03-03,9,19,15,10,12,-1
AR,Argentina,Buenos Aires,,2020-03-04,11,18,19,10,12,-1
AR,Argentina,Buenos Aires,,2020-03-05,10,19,8,12,10,-1
AR,Argentina,Buenos Aires,,2020-03-06,14,18,11,15,12,-1
AR,Argentina,Buenos Aires,,2020-03-07,20,21,16,19,0,1
AR,Argentina,Buenos Aires,,2020-03-08,15,22,-5,11,-11,3
AR,Argentina,Buenos Aires,,2020-03-09,11,16,23,21,12,-1
AR,Argentina,Buenos Aires,,2020-03-10,13,20,15,14,14,-2
AR,Argentina,Buenos Aires,,2020-03-11,-19,-13,-28,-1,9,2
AR,Argentina,Buenos Aires,,2020-03-12,4,33,-1,11,12,-1
AR,Argentina,Buenos Aires,,2020-03-13,1,31,0,8,12,0
AR,Argentina,Buenos Aires,,2020-03-14,-22,21,-50,-17,-11,11
AR,Argentina,Buenos Aires,,2020-03-15,-19,69,-30,-14,-18,11
AR,Argentina,Buenos Aires,,2020-03-16,-25,24,-29,-22,-8,9
AR,Argentina,Buenos Aires,,2020-03-17,-43,1,-48,-37,-25,16
AR,Argentina,Buenos Aires,,2020-03-18,-46,4,-42,-43,-34,17
AR,Argentina,Buenos Aires,,2020-03-19,-47,26,-48,-45,-40,17
AR,Argentina,Buenos Aires,,2020-03-20,-89,-42,-85,-82,-77,39
AR,Argentina,Buenos Aires,,2020-03-21,-90,-43,-88,-81,-70,33
AR,Argentina,Buenos Aires,,2020-03-22,-91,-52,-92,-83,-69,31
AR,Argentina,Buenos Aires,,2020-03-23,-93,-58,-92,-90,-90,39
AR,Argentina,Buenos Aires,,2020-03-24,-94,-59,-91,-90,-90,39
AR,Argentina,Buenos Aires,,2020-03-25,-89,-45,-83,-82,-81,36
AR,Argentina,Buenos Aires,,2020-03-26,-90,-47,-85,-83,-81,38
AR,Argentina,Buenos Aires,,2020-03-27,-89,-44,-85,-82,-80,41
AR,Argentina,Buenos Aires,,2020-03-28,-89,-41,-88,-80,-71,33
AR,Argentina,Buenos Aires,,2020-03-29,-90,-48,-91,-82,-69,31
AR,Argentina,Buenos Aires,,2020-03-30,-89,-46,-87,-84,-82,37
AR,Argentina,Buenos Aires,,2020-03-31,-92,-54,-90,-88,-89,38
AR,Argentina,Buenos Aires,,2020-04-01,-88,-43,-83,-81,-79,35
AR,Argentina,Buenos Aires,,2020-04-02,-87,-42,-85,-81,-80,37
AR,Argentina,Buenos Aires,,2020-04-03,-87,-39,-83,-79,-78,40
AR,Argentina,Buenos Aires,,2020-04-04,-87,-35,-86,-77,-68,32
AR,Argentina,Buenos Aires,,2020-04-05,-88,-44,-89,-80,-66,30
AR,Argentina,Buenos Aires,,2020-04-06,-86,-39,-82,-79,-77,35
AR,Argentina,Buenos Aires,,2020-04-07,-89,-30,-80,-77,-77,35
AR,Argentina,Buenos Aires,,2020-04-08,-88,-26,-78,-76,-77,34
AR,Argentina,Buenos Aires,,2020-04-09,-89,-28,-83,-79,-81,37
AR,Argentina,Buenos Aires,,2020-04-10,-93,-48,-88,-86,-88,43
AR,Argentina,Buenos Aires,,2020-04-11,-89,-28,-84,-74,-67,32
AR,Argentina,Buenos Aires,,2020-04-12,-89,-39,-88,-77,-65,30
AR,Argentina,Buenos Aires,,2020-04-13,-88,-39,-81,-77,-74,34
AR,Argentina,Buenos Aires,,2020-04-14,-86,-25,-76,-74,-73,33
AR,Argentina,Buenos Aires,,2020-04-15,-86,-27,-77,-74,-72,33
AR,Argentina,Buenos Aires,,2020-04-16,-88,-27,-93,-72,-73,34
AR,Argentina,Buenos Aires,,2020-04-17,-87,-24,-93,-71,-71,38
AR,Argentina,Buenos Aires,,2020-04-18,-89,-28,-96,-71,-62,31
AR,Argentina,Buenos Aires,,2020-04-19,-90,-40,-97,-75,-63,29
AR,Argentina,Buenos Aires,,2020-04-20,-87,-31,-92,-72,-70,32
AR,Argentina,Buenos Aires,,2020-04-21,-87,-30,-93,-72,-70,32
AR,Argentina,Buenos Aires,,2020-04-22,-88,-29,-92,-72,-69,32
AR,Argentina,Buenos Aires,,2020-04-23,-88,-30,-94,-72,-69,34
AR,Argentina,Buenos Aires,,2020-04-24,-88,-31,-93,-72,-68,37
AR,Argentina,Buenos Aires,,2020-04-25,-90,-36,-96,-73,-61,31
AR,Argentina,Buenos Aires,,2020-04-26,-88,-35,-96,-74,-61,29
AR,Argentina,Buenos Aires Province,,2020-02-15,-1,-2,0,4,0,0
AR,Argentina,Buenos Aires Province,,2020-02-16,-10,-7,-15,-4,-4,1
AR,Argentina,Buenos Aires Province,,2020-02-17,-17,-14,-32,-5,5,2
AR,Argentina,Buenos Aires Province,,2020-02-18,4,6,-6,10,8,-1
AR,Argentina,Buenos Aires Province,,2020-02-19,-2,-2,10,8,9,-2
AR,Argentina,Buenos Aires Province,,2020-02-20,1,4,-14,7,6,-1
AR,Argentina,Buenos Aires Province,,2020-02-21,1,5,-18,8,7,-1
AR,Argentina,Buenos Aires Province,,2020-02-22,4,7,0,6,-1,0
AR,Argentina,Buenos Aires Province,,2020-02-23,13,9,15,4,-2,0
AR,Argentina,Buenos Aires Province,,2020-02-24,-5,-14,34,-27,-54,7
AR,Argentina,Buenos Aires Province,,2020-02-25,-16,-15,7,-30,-52,9
AR,Argentina,Buenos Aires Province,,2020-02-26,-1,1,5,10,11,-3
AR,Argentina,Buenos Aires Province,,2020-02-27,-1,1,-7,8,9,0
AR,Argentina,Buenos Aires Province,,2020-02-28,0,1,-15,7,10,0
AR,Argentina,Buenos Aires Province,,2020-02-29,3,4,-11,6,2,1
AR,Argentina,Buenos Aires Province,,2020-03-01,-7,1,-16,1,-4,2
AR,Argentina,Buenos Aires Province,,2020-03-02,-5,1,-12,8,12,-1
AR,Argentina,Buenos Aires Province,,2020-03-03,-4,4,-11,9,13,-1
AR,Argentina,Buenos Aires Province,,2020-03-04,-6,0,-4,8,14,-2
AR,Argentina,Buenos Aires Province,,2020-03-05,-1,6,-15,11,12,-1
AR,Argentina,Buenos Aires Province,,2020-03-06,4,8,-14,12,13,-2
AR,Argentina,Buenos Aires Province,,2020-03-07,2,8,-14,8,2,1
AR,Argentina,Buenos Aires Province,,2020-03-08,-3,1,-23,1,-5,2
AR,Argentina,Buenos Aires Province,,2020-03-09,-5,3,-24,12,10,0
AR,Argentina,Buenos Aires Province,,2020-03-10,0,9,-18,16,14,-2
AR,Argentina,Buenos Aires Province,,2020-03-11,-28,-16,-43,-12,8,2
AR,Argentina,Buenos Aires Province,,2020-03-12,-5,11,-21,13,14,-2
AR,Argentina,Buenos Aires Province,,2020-03-13,-8,10,-25,8,15,-2
AR,Argentina,Buenos Aires Province,,2020-03-14,-27,0,-54,-26,-8,9
AR,Argentina,Buenos Aires Province,,2020-03-15,-32,18,-47,-18,-10,8
AR,Argentina,Buenos Aires Province,,2020-03-16,-30,7,-43,-13,1,6
AR,Argentina,Buenos Aires Province,,2020-03-17,-43,-11,-62,-30,-13,11
AR,Argentina,Buenos Aires Province,,2020-03-18,-44,-10,-52,-31,-18,11
AR,Argentina,Buenos Aires Province,,2020-03-19,-39,14,-57,-30,-24,12
AR,Argentina,Buenos Aires Province,,2020-03-20,-78,-36,-82,-69,-63,30
AR,Argentina,Buenos Aires Province,,2020-03-21,-83,-47,-88,-73,-60,28
AR,Argentina,Buenos Aires Province,,2020-03-22,-89,-61,-92,-80,-61,26
AR,Argentina,Buenos Aires Province,,2020-03-23,-89,-63,-90,-84,-81,33
AR,Argentina,Buenos Aires Province,,2020-03-24,-88,-62,-90,-84,-81,32
AR,Argentina,Buenos Aires Province,,2020-03-25,-83,-48,-84,-74,-70,29
AR,Argentina,Buenos Aires Province,,2020-03-26,-83,-49,-86,-75,-71,31
AR,Argentina,Buenos Aires Province,,2020-03-27,-81,-46,-84,-72,-69,33
AR,Argentina,Buenos Aires Province,,2020-03-28,-83,-47,-87,-73,-62,29
AR,Argentina,Buenos Aires Province,,2020-03-29,-88,-60,-91,-79,-60,26
AR,Argentina,Buenos Aires Province,,2020-03-30,-83,-52,-86,-75,-71,30
AR,Argentina,Buenos Aires Province,,2020-03-31,-85,-56,-88,-80,-79,31
AR,Argentina,Buenos Aires Province,,2020-04-01,-80,-47,-83,-72,-67,28
AR,Argentina,Buenos Aires Province,,2020-04-02,-78,-43,-83,-71,-67,30
AR,Argentina,Buenos Aires Province,,2020-04-03,-77,-40,-81,-68,-65,32
AR,Argentina,Buenos Aires Province,,2020-04-04,-79,-41,-84,-68,-57,28
AR,Argentina,Buenos Aires Province,,2020-04-05,-84,-53,-89,-73,-56,25
AR,Argentina,Buenos Aires Province,,2020-04-06,-76,-41,-81,-66,-63,27
AR,Argentina,Buenos Aires Province,,2020-04-07,-83,-27,-76,-59,-62,26
AR,Argentina,Buenos Aires Province,,2020-04-08,-82,-26,-72,-58,-61,25
AR,Argentina,Buenos Aires Province,,2020-04-09,-83,-26,-78,-63,-66,29
AR,Argentina,Buenos Aires Province,,2020-04-10,-89,-52,-86,-77,-77,36
AR,Argentina,Buenos Aires Province,,2020-04-11,-85,-33,-83,-65,-56,27
AR,Argentina,Buenos Aires Province,,2020-04-12,-88,-50,-89,-72,-53,24
AR,Argentina,Buenos Aires Province,,2020-04-13,-85,-42,-79,-64,-59,27
AR,Argentina,Buenos Aires Province,,2020-04-14,-82,-30,-75,-59,-57,25
AR,Argentina,Buenos Aires Province,,2020-04-15,-82,-30,-73,-57,-56,24
AR,Argentina,Buenos Aires Province,,2020-04-16,-83,-28,-94,-58,-57,27
AR,Argentina,Buenos Aires Province,,2020-04-17,-83,-28,-94,-58,-55,29
AR,Argentina,Buenos Aires Province,,2020-04-18,-86,-36,-95,-63,-49,26
AR,Argentina,Buenos Aires Province,,2020-04-19,-89,-52,-97,-72,-52,24
AR,Argentina,Buenos Aires Province,,2020-04-20,-84,-37,-93,-59,-52,24
AR,Argentina,Buenos Aires Province,,2020-04-21,-83,-32,-93,-57,-53,24
AR,Argentina,Buenos Aires Province,,2020-04-22,-83,-33,-92,-57,-52,23
AR,Argentina,Buenos Aires Province,,2020-04-23,-83,-32,-93,-57,-52,25
AR,Argentina,Buenos Aires Province,,2020-04-24,-84,-35,-94,-61,-53,29
AR,Argentina,Buenos Aires Province,,2020-04-25,-87,-42,-96,-68,-50,27
AR,Argentina,Buenos Aires Province,,2020-04-26,-89,-51,-97,-71,-50,24
AR,Argentina,Catamarca Province,,2020-02-15,3,3,-4,-49,4,1
AR,Argentina,Catamarca Province,,2020-02-16,-7,-7,-13,-51,-2,3
AR,Argentina,Catamarca Province,,2020-02-17,-4,-1,-7,-53,25,-1
AR,Argentina,Catamarca Province,,2020-02-18,-2,6,-4,-51,27,-1
AR,Argentina,Catamarca Province,,2020-02-19,-1,3,2,-48,28,-2
AR,Argentina,Catamarca Province,,2020-02-20,-3,-3,-2,-4,27,-1
AR,Argentina,Catamarca Province,,2020-02-21,1,4,-7,64,24,-1
AR,Argentina,Catamarca Province,,2020-02-22,3,10,-6,47,3,1
AR,Argentina,Catamarca Province,,2020-02-23,-1,3,-6,21,-2,4
AR,Argentina,Catamarca Province,,2020-02-24,-23,-16,2,-4,-44,5
AR,Argentina,Catamarca Province,,2020-02-25,-25,-12,-15,12,-38,3
AR,Argentina,Catamarca Province,,2020-02-26,1,5,4,47,26,-2
AR,Argentina,Catamarca Province,,2020-02-27,0,12,-2,31,26,-1
AR,Argentina,Catamarca Province,,2020-02-28,2,10,-1,42,24,-1
AR,Argentina,Catamarca Province,,2020-02-29,6,16,-8,35,7,3
AR,Argentina,Catamarca Province,,2020-03-01,-11,4,-19,31,1,7
AR,Argentina,Catamarca Province,,2020-03-02,-1,9,5,29,39,-3
AR,Argentina,Catamarca Province,,2020-03-03,-8,6,-3,31,40,-2
AR,Argentina,Catamarca Province,,2020-03-04,-6,3,0,26,40,-2
AR,Argentina,Catamarca Province,,2020-03-05,-4,6,2,32,39,-2
AR,Argentina,Catamarca Province,,2020-03-06,3,17,8,59,39,-3
AR,Argentina,Catamarca Province,,2020-03-07,3,17,-7,37,8,4
AR,Argentina,Catamarca Province,,2020-03-08,-1,8,-11,26,4,4
AR,Argentina,Catamarca Province,,2020-03-09,-2,11,5,41,35,-1
AR,Argentina,Catamarca Province,,2020-03-10,-4,9,3,40,41,-4
AR,Argentina,Catamarca Province,,2020-03-11,-5,5,-2,37,39,-2
AR,Argentina,Catamarca Province,,2020-03-12,-10,2,-5,32,37,-2
AR,Argentina,Catamarca Province,,2020-03-13,-5,10,-4,39,36,-1
AR,Argentina,Catamarca Province,,2020-03-14,-13,4,-24,27,4,4
AR,Argentina,Catamarca Province,,2020-03-15,-23,13,-26,8,2,9
AR,Argentina,Catamarca Province,,2020-03-16,-25,5,-32,2,-10,8
AR,Argentina,Catamarca Province,,2020-03-17,-28,1,-35,4,-12,8
AR,Argentina,Catamarca Province,,2020-03-18,-30,-1,-38,8,-2,9
AR,Argentina,Catamarca Province,,2020-03-19,-37,2,-45,-20,-14,12
AR,Argentina,Catamarca Province,,2020-03-20,-66,-35,-69,-64,-46,25
AR,Argentina,Catamarca Province,,2020-03-21,-70,-41,-76,-77,-42,27
AR,Argentina,Catamarca Province,,2020-03-22,-75,-51,-80,-83,-40,30
AR,Argentina,Catamarca Province,,2020-03-23,-78,-57,-80,-86,-65,29
AR,Argentina,Catamarca Province,,2020-03-24,-76,-55,-79,-84,-65,27
AR,Argentina,Catamarca Province,,2020-03-25,-71,-44,-75,-74,-56,24
AR,Argentina,Catamarca Province,,2020-03-26,-69,-43,-73,-75,-53,25
AR,Argentina,Catamarca Province,,2020-03-27,-67,-43,-69,-68,-51,27
AR,Argentina,Catamarca Province,,2020-03-28,-66,-39,-72,-74,-41,27
AR,Argentina,Catamarca Province,,2020-03-29,-71,-46,-78,-81,-35,29
AR,Argentina,Catamarca Province,,2020-03-30,-68,-46,-73,-74,-53,25
AR,Argentina,Catamarca Province,,2020-03-31,-73,-49,-77,-82,-61,25
AR,Argentina,Catamarca Province,,2020-04-01,-65,-40,-68,-72,-49,23
AR,Argentina,Catamarca Province,,2020-04-02,-67,-42,-69,-75,-49,24
AR,Argentina,Catamarca Province,,2020-04-03,-61,-34,-62,-62,-44,25
AR,Argentina,Catamarca Province,,2020-04-04,-58,-27,-65,-64,-34,24
AR,Argentina,Catamarca Province,,2020-04-05,-66,-33,-74,-79,-29,27
AR,Argentina,Catamarca Province,,2020-04-06,-60,-30,-63,-66,-42,22
AR,Argentina,Catamarca Province,,2020-04-07,-72,-18,-57,-61,-42,20
AR,Argentina,Catamarca Province,,2020-04-08,-70,-16,-55,-56,-40,20
AR,Argentina,Catamarca Province,,2020-04-09,-71,-17,-60,-62,-47,22
AR,Argentina,Catamarca Province,,2020-04-10,-82,-53,-77,-78,-62,29
AR,Argentina,Catamarca Province,,2020-04-11,-71,-15,-64,-63,-31,23
AR,Argentina,Catamarca Province,,2020-04-12,-73,-28,-74,-75,-21,24
AR,Argentina,Catamarca Province,,2020-04-13,-71,-24,-57,-61,-34,21
AR,Argentina,Catamarca Province,,2020-04-14,-70,-18,-54,-60,-31,19
AR,Argentina,Catamarca Province,,2020-04-15,-69,-13,-58,-54,-31,19
AR,Argentina,Catamarca Province,,2020-04-16,-74,-15,-90,-62,-31,21
AR,Argentina,Catamarca Province,,2020-04-17,-73,-9,-90,-54,-29,22
AR,Argentina,Catamarca Province,,2020-04-18,-76,-16,-91,-62,-24,22
AR,Argentina,Catamarca Province,,2020-04-19,-78,-27,-92,-78,-24,25
AR,Argentina,Catamarca Province,,2020-04-20,-73,-18,-90,-56,-27,19
AR,Argentina,Catamarca Province,,2020-04-21,-74,-17,-90,-58,-27,18
AR,Argentina,Catamarca Province,,2020-04-22,-74,-13,-90,-53,-26,18
AR,Argentina,Catamarca Province,,2020-04-23,-75,-21,-90,-59,-26,20
AR,Argentina,Catamarca Province,,2020-04-24,-74,-15,-90,-51,-23,20
AR,Argentina,Catamarca Province,,2020-04-25,-73,-11,-90,-60,-18,20
AR,Argentina,Catamarca Province,,2020-04-26,-77,-24,-92,-76,-19,24
AR,Argentina,Chaco Province,,2020-02-15,-18,-19,-35,-21,-14,7
AR,Argentina,Chaco Province,,2020-02-16,-2,-1,-12,-1,-1,3
AR,Argentina,Chaco Province,,2020-02-17,2,-1,2,3,6,-1
AR,Argentina,Chaco Province,,2020-02-18,-12,-13,-21,-9,-3,4
AR,Argentina,Chaco Province,,2020-02-19,5,-3,15,3,8,-1
AR,Argentina,Chaco Province,,2020-02-20,-1,-6,4,-2,6,0
AR,Argentina,Chaco Province,,2020-02-21,-2,3,-3,5,5,0
AR,Argentina,Chaco Province,,2020-02-22,2,2,-7,5,-1,0
AR,Argentina,Chaco Province,,2020-02-23,3,4,-1,9,-1,0
AR,Argentina,Chaco Province,,2020-02-24,-22,-15,-6,-18,-40,4
AR,Argentina,Chaco Province,,2020-02-25,-21,-15,-17,3,-35,5
AR,Argentina,Chaco Province,,2020-02-26,7,1,15,4,14,-2
AR,Argentina,Chaco Province,,2020-02-27,-1,-4,-2,-10,13,0
AR,Argentina,Chaco Province,,2020-02-28,-1,-4,-5,-10,13,-1
AR,Argentina,Chaco Province,,2020-02-29,6,2,-3,-11,2,1
AR,Argentina,Chaco Province,,2020-03-01,0,5,1,-7,1,2
AR,Argentina,Chaco Province,,2020-03-02,5,3,4,-11,18,-1
AR,Argentina,Chaco Province,,2020-03-03,5,1,1,-3,16,0
AR,Argentina,Chaco Province,,2020-03-04,5,-1,11,-10,18,-1
AR,Argentina,Chaco Province,,2020-03-05,4,0,2,-10,18,-1
AR,Argentina,Chaco Province,,2020-03-06,8,8,8,-8,18,-2
AR,Argentina,Chaco Province,,2020-03-07,11,9,1,-20,5,1
AR,Argentina,Chaco Province,,2020-03-08,17,10,13,-14,5,1
AR,Argentina,Chaco Province,,2020-03-09,6,7,7,-14,5,1
AR,Argentina,Chaco Province,,2020-03-10,10,9,4,-11,17,-1
AR,Argentina,Chaco Province,,2020-03-11,5,5,12,-15,18,-1
AR,Argentina,Chaco Province,,2020-03-12,-2,1,-3,-15,17,0
AR,Argentina,Chaco Province,,2020-03-13,-8,0,-11,-21,12,2
AR,Argentina,Chaco Province,,2020-03-14,-11,-1,-20,-29,0,4
AR,Argentina,Chaco Province,,2020-03-15,-27,0,-35,-33,-8,9
AR,Argentina,Chaco Province,,2020-03-16,-29,1,-37,-35,-4,7
AR,Argentina,Chaco Province,,2020-03-17,-38,-12,-49,-41,-16,10
AR,Argentina,Chaco Province,,2020-03-18,-60,-30,-63,-63,-40,17
AR,Argentina,Chaco Province,,2020-03-19,-62,-27,-67,-76,-46,19
AR,Argentina,Chaco Province,,2020-03-20,-73,-42,-75,-87,-56,24
AR,Argentina,Chaco Province,,2020-03-21,-75,-47,-79,-89,-52,23
AR,Argentina,Chaco Province,,2020-03-22,-80,-63,-85,-92,-51,24
AR,Argentina,Chaco Province,,2020-03-23,-81,-58,-83,-92,-70,25
AR,Argentina,Chaco Province,,2020-03-24,-82,-64,-83,-90,-71,26
AR,Argentina,Chaco Province,,2020-03-25,-75,-48,-76,-87,-61,23
AR,Argentina,Chaco Province,,2020-03-26,-77,-54,-79,-89,-62,25
AR,Argentina,Chaco Province,,2020-03-27,-80,-56,-79,-90,-64,28
AR,Argentina,Chaco Province,,2020-03-28,-76,-49,-78,-89,-55,25
AR,Argentina,Chaco Province,,2020-03-29,-79,-63,-83,-92,-48,24
AR,Argentina,Chaco Province,,2020-03-30,-72,-47,-74,-90,-58,22
AR,Argentina,Chaco Province,,2020-03-31,-77,-58,-79,-90,-67,24
AR,Argentina,Chaco Province,,2020-04-01,-69,-42,-68,-86,-55,21
AR,Argentina,Chaco Province,,2020-04-02,-76,-52,-78,-88,-61,25
AR,Argentina,Chaco Province,,2020-04-03,-69,-40,-68,-86,-53,24
AR,Argentina,Chaco Province,,2020-04-04,-67,-35,-70,-85,-44,21
AR,Argentina,Chaco Province,,2020-04-05,-72,-51,-77,-90,-40,21
AR,Argentina,Chaco Province,,2020-04-06,-64,-34,-64,-85,-49,20
AR,Argentina,Chaco Province,,2020-04-07,-78,-24,-56,-77,-49,20
AR,Argentina,Chaco Province,,2020-04-08,-77,-20,-51,-77,-48,18
AR,Argentina,Chaco Province,,2020-04-09,-78,-24,-63,-79,-53,21
AR,Argentina,Chaco Province,,2020-04-10,-90,-68,-82,-89,-69,28
AR,Argentina,Chaco Province,,2020-04-11,-79,-28,-68,-81,-41,21
AR,Argentina,Chaco Province,,2020-04-12,-82,-51,-78,-86,-36,21
AR,Argentina,Chaco Province,,2020-04-13,-78,-33,-54,-81,-43,19
AR,Argentina,Chaco Province,,2020-04-14,-77,-30,-54,-77,-44,19
AR,Argentina,Chaco Province,,2020-04-15,-77,-29,-52,-75,-41,18
AR,Argentina,Chaco Province,,2020-04-16,-80,-28,-91,-74,-42,20
AR,Argentina,Chaco Province,,2020-04-17,-81,-27,-92,-76,-41,22
AR,Argentina,Chaco Province,,2020-04-18,-82,-31,-92,-80,-35,20
AR,Argentina,Chaco Province,,2020-04-19,-88,-62,-94,-87,-42,22
AR,Argentina,Chaco Province,,2020-04-20,-81,-32,-91,-79,-38,18
AR,Argentina,Chaco Province,,2020-04-21,-80,-29,-91,-75,-39,18
AR,Argentina,Chaco Province,,2020-04-22,-80,-29,-90,-76,-37,17
AR,Argentina,Chaco Province,,2020-04-23,-81,-31,-91,-75,-37,19
AR,Argentina,Chaco Province,,2020-04-24,-81,-30,-91,-76,-37,20
AR,Argentina,Chaco Province,,2020-04-25,-81,-30,-92,-79,-31,19
AR,Argentina,Chaco Province,,2020-04-26,-88,-64,-95,-88,-44,22
AR,Argentina,Chubut Province,,2020-02-15,-1,-3,-24,-5,-2,3
AR,Argentina,Chubut Province,,2020-02-16,-1,-3,-13,-9,-4,1
AR,Argentina,Chubut Province,,2020-02-17,-3,0,-28,-2,5,0
AR,Argentina,Chubut Province,,2020-02-18,-1,-4,-4,1,8,-1
AR,Argentina,Chubut Province,,2020-02-19,-3,-4,-9,3,8,0
AR,Argentina,Chubut Province,,2020-02-20,0,-1,-11,-1,7,0
AR,Argentina,Chubut Province,,2020-02-21,5,6,-13,8,6,-1
AR,Argentina,Chubut Province,,2020-02-22,5,-1,3,-5,-4,-1
AR,Argentina,Chubut Province,,2020-02-23,8,-2,4,-16,-6,-1
AR,Argentina,Chubut Province,,2020-02-24,-16,-13,-15,-31,-52,9
AR,Argentina,Chubut Province,,2020-02-25,-17,-16,8,-26,-48,5
AR,Argentina,Chubut Province,,2020-02-26,-7,-9,-4,-11,3,-2
AR,Argentina,Chubut Province,,2020-02-27,-2,-4,-9,-2,11,0
AR,Argentina,Chubut Province,,2020-02-28,-1,5,-19,2,11,0
AR,Argentina,Chubut Province,,2020-02-29,-1,0,-7,-9,3,1
AR,Argentina,Chubut Province,,2020-03-01,-5,-2,3,-11,-7,-2
AR,Argentina,Chubut Province,,2020-03-02,-2,1,-24,-5,14,-1
AR,Argentina,Chubut Province,,2020-03-03,-3,-1,-13,-4,14,-2
AR,Argentina,Chubut Province,,2020-03-04,-4,-3,-8,1,14,-1
AR,Argentina,Chubut Province,,2020-03-05,-2,2,-19,-9,14,-1
AR,Argentina,Chubut Province,,2020-03-06,2,10,-25,-3,13,-1
AR,Argentina,Chubut Province,,2020-03-07,-1,7,-33,-16,2,4
AR,Argentina,Chubut Province,,2020-03-08,1,5,-20,-11,-2,2
AR,Argentina,Chubut Province,,2020-03-09,-4,5,-37,-10,7,1
AR,Argentina,Chubut Province,,2020-03-10,-2,3,-20,1,14,-1
AR,Argentina,Chubut Province,,2020-03-11,-4,0,-10,-2,14,-1
AR,Argentina,Chubut Province,,2020-03-12,-10,3,-28,-8,13,1
AR,Argentina,Chubut Province,,2020-03-13,-15,9,-45,-6,12,2
AR,Argentina,Chubut Province,,2020-03-14,-12,7,-40,-18,1,6
AR,Argentina,Chubut Province,,2020-03-15,-23,9,-27,-18,-7,5
AR,Argentina,Chubut Province,,2020-03-16,-33,-2,-54,-30,-5,8
AR,Argentina,Chubut Province,,2020-03-17,-41,-17,-56,-26,-12,10
AR,Argentina,Chubut Province,,2020-03-18,-48,-22,-63,-34,-21,14
AR,Argentina,Chubut Province,,2020-03-19,-50,-14,-71,-47,-28,16
AR,Argentina,Chubut Province,,2020-03-20,-79,-45,-86,-82,-58,29
AR,Argentina,Chubut Province,,2020-03-21,-82,-51,-90,-86,-55,30
AR,Argentina,Chubut Province,,2020-03-22,-87,-60,-92,-87,-55,26
AR,Argentina,Chubut Province,,2020-03-23,-87,-59,-92,-90,-76,33
AR,Argentina,Chubut Province,,2020-03-24,-87,-61,-90,-90,-76,31
AR,Argentina,Chubut Province,,2020-03-25,-80,-53,-86,-86,-64,29
AR,Argentina,Chubut Province,,2020-03-26,-81,-53,-87,-88,-64,30
AR,Argentina,Chubut Province,,2020-03-27,-79,-47,-87,-86,-62,32
AR,Argentina,Chubut Province,,2020-03-28,-79,-44,-89,-86,-55,30
AR,Argentina,Chubut Province,,2020-03-29,-92,-91,-94,-93,-62,28
AR,Argentina,Chubut Province,,2020-03-30,-78,-46,-89,-88,-64,29
AR,Argentina,Chubut Province,,2020-03-31,-83,-55,-88,-90,-71,30
AR,Argentina,Chubut Province,,2020-04-01,-77,-48,-84,-86,-59,27
AR,Argentina,Chubut Province,,2020-04-02,-77,-49,-84,-86,-59,29
AR,Argentina,Chubut Province,,2020-04-03,-75,-42,-84,-85,-57,30
AR,Argentina,Chubut Province,,2020-04-04,-76,-40,-87,-84,-49,28
AR,Argentina,Chubut Province,,2020-04-05,-86,-59,-92,-87,-51,25
AR,Argentina,Chubut Province,,2020-04-06,-72,-41,-85,-86,-54,27
AR,Argentina,Chubut Province,,2020-04-07,-82,-33,-75,-80,-53,24
AR,Argentina,Chubut Province,,2020-04-08,-82,-32,-73,-80,-52,24
AR,Argentina,Chubut Province,,2020-04-09,-82,-32,-77,-84,-59,27
AR,Argentina,Chubut Province,,2020-04-10,-89,-50,-85,-88,-70,34
AR,Argentina,Chubut Province,,2020-04-11,-85,-37,-86,-83,-47,28
AR,Argentina,Chubut Province,,2020-04-12,-90,-53,-90,-87,-46,25
AR,Argentina,Chubut Province,,2020-04-13,-83,-38,-79,-80,-48,25
AR,Argentina,Chubut Province,,2020-04-14,-82,-36,-73,-78,-47,24
AR,Argentina,Chubut Province,,2020-04-15,-83,-38,-74,-78,-48,25
AR,Argentina,Chubut Province,,2020-04-16,-83,-36,-91,-77,-48,25
AR,Argentina,Chubut Province,,2020-04-17,-83,-32,-92,-76,-47,28
AR,Argentina,Chubut Province,,2020-04-18,-85,-39,-94,-85,-42,27
AR,Argentina,Chubut Province,,2020-04-19,-89,-54,-95,-88,-47,25
AR,Argentina,Chubut Province,,2020-04-20,-83,-40,-92,-83,-44,25
AR,Argentina,Chubut Province,,2020-04-21,-81,-36,-90,-81,-44,23
AR,Argentina,Chubut Province,,2020-04-22,-81,-36,-89,-81,-44,23
AR,Argentina,Chubut Province,,2020-04-23,-82,-38,-90,-82,-43,24
AR,Argentina,Chubut Province,,2020-04-24,-81,-31,-91,-81,-42,26
AR,Argentina,Chubut Province,,2020-04-25,-84,-38,-94,-85,-40,26
AR,Argentina,Chubut Province,,2020-04-26,-89,-51,-95,-88,-43,23
AR,Argentina,Cordoba,,2020-02-15,5,-4,-7,-1,0,0
AR,Argentina,Cordoba,,2020-02-16,-11,-7,-25,-9,-6,3
AR,Argentina,Cordoba,,2020-02-17,-15,-9,-26,-6,9,2
AR,Argentina,Cordoba,,2020-02-18,2,4,-6,1,12,-1
AR,Argentina,Cordoba,,2020-02-19,-3,-2,-6,-1,13,-1
AR,Argentina,Cordoba,,2020-02-20,-4,-2,-10,-1,12,-1
AR,Argentina,Cordoba,,2020-02-21,4,2,-6,8,13,-1
AR,Argentina,Cordoba,,2020-02-22,12,9,8,11,0,0
AR,Argentina,Cordoba,,2020-02-23,13,13,17,-5,-3,2
AR,Argentina,Cordoba,,2020-02-24,-7,-15,32,-17,-53,6
AR,Argentina,Cordoba,,2020-02-25,-12,-13,-10,-7,-45,6
AR,Argentina,Cordoba,,2020-02-26,-2,2,-10,5,17,-2
AR,Argentina,Cordoba,,2020-02-27,-7,-3,-13,-4,16,0
AR,Argentina,Cordoba,,2020-02-28,0,-1,-13,-4,17,-1
AR,Argentina,Cordoba,,2020-02-29,3,1,-15,-12,3,2
AR,Argentina,Cordoba,,2020-03-01,-9,1,-21,-17,-3,4
AR,Argentina,Cordoba,,2020-03-02,-8,-2,-18,-3,23,-1
AR,Argentina,Cordoba,,2020-03-03,-6,-1,-20,-5,23,-2
AR,Argentina,Cordoba,,2020-03-04,-9,-2,-20,-6,24,-2
AR,Argentina,Cordoba,,2020-03-05,-9,-2,-19,-6,23,-2
AR,Argentina,Cordoba,,2020-03-06,0,1,-15,-3,25,-3
AR,Argentina,Cordoba,,2020-03-07,1,3,-19,-13,3,2
AR,Argentina,Cordoba,,2020-03-08,-4,-1,-19,-17,-2,2
AR,Argentina,Cordoba,,2020-03-09,-7,-3,-17,-4,22,-1
AR,Argentina,Cordoba,,2020-03-10,-4,2,-19,-5,24,-3
AR,Argentina,Cordoba,,2020-03-11,-19,-11,-35,-12,23,-1
AR,Argentina,Cordoba,,2020-03-12,-12,1,-24,-10,23,-2
AR,Argentina,Cordoba,,2020-03-13,-10,4,-22,-10,23,-2
AR,Argentina,Cordoba,,2020-03-14,-17,7,-38,-25,0,6
AR,Argentina,Cordoba,,2020-03-15,-43,2,-66,-42,-14,12
AR,Argentina,Cordoba,,2020-03-16,-35,-2,-45,-34,-1,8
AR,Argentina,Cordoba,,2020-03-17,-46,-20,-58,-43,-11,12
AR,Argentina,Cordoba,,2020-03-18,-45,-15,-52,-44,-15,12
AR,Argentina,Cordoba,,2020-03-19,-46,-1,-55,-48,-21,13
AR,Argentina,Cordoba,,2020-03-20,-80,-46,-79,-81,-58,29
AR,Argentina,Cordoba,,2020-03-21,-83,-52,-85,-85,-57,29
AR,Argentina,Cordoba,,2020-03-22,-88,-66,-91,-90,-58,30
AR,Argentina,Cordoba,,2020-03-23,-88,-67,-88,-90,-78,32
AR,Argentina,Cordoba,,2020-03-24,-88,-67,-89,-89,-79,31
AR,Argentina,Cordoba,,2020-03-25,-86,-58,-86,-87,-68,30
AR,Argentina,Cordoba,,2020-03-26,-83,-55,-83,-86,-67,30
AR,Argentina,Cordoba,,2020-03-27,-82,-53,-81,-85,-65,32
AR,Argentina,Cordoba,,2020-03-28,-83,-52,-85,-87,-58,30
AR,Argentina,Cordoba,,2020-03-29,-88,-66,-90,-91,-57,30
AR,Argentina,Cordoba,,2020-03-30,-82,-56,-83,-86,-67,29
AR,Argentina,Cordoba,,2020-03-31,-86,-64,-86,-89,-76,30
AR,Argentina,Cordoba,,2020-04-01,-80,-50,-81,-84,-63,28
AR,Argentina,Cordoba,,2020-04-02,-80,-51,-81,-84,-62,29
AR,Argentina,Cordoba,,2020-04-03,-77,-46,-78,-83,-60,30
AR,Argentina,Cordoba,,2020-04-04,-78,-45,-81,-84,-52,28
AR,Argentina,Cordoba,,2020-04-05,-85,-60,-88,-89,-52,29
AR,Argentina,Cordoba,,2020-04-06,-76,-48,-78,-82,-58,27
AR,Argentina,Cordoba,,2020-04-07,-82,-37,-74,-78,-58,25
AR,Argentina,Cordoba,,2020-04-08,-82,-34,-72,-78,-56,25
AR,Argentina,Cordoba,,2020-04-09,-83,-34,-75,-80,-60,27
AR,Argentina,Cordoba,,2020-04-10,-90,-64,-85,-88,-75,35
AR,Argentina,Cordoba,,2020-04-11,-83,-37,-80,-82,-50,28
AR,Argentina,Cordoba,,2020-04-12,-88,-57,-87,-88,-50,28
AR,Argentina,Cordoba,,2020-04-13,-82,-44,-74,-81,-53,26
AR,Argentina,Cordoba,,2020-04-14,-80,-37,-72,-78,-52,24
AR,Argentina,Cordoba,,2020-04-15,-81,-35,-74,-78,-51,24
AR,Argentina,Cordoba,,2020-04-16,-83,-35,-93,-78,-51,26
AR,Argentina,Cordoba,,2020-04-17,-83,-34,-93,-77,-50,28
AR,Argentina,Cordoba,,2020-04-18,-85,-41,-95,-81,-44,27
AR,Argentina,Cordoba,,2020-04-19,-89,-58,-96,-88,-48,28
AR,Argentina,Cordoba,,2020-04-20,-83,-44,-93,-79,-48,25
AR,Argentina,Cordoba,,2020-04-21,-83,-40,-93,-77,-48,23
AR,Argentina,Cordoba,,2020-04-22,-83,-39,-93,-77,-47,23
AR,Argentina,Cordoba,,2020-04-23,-84,-41,-93,-78,-47,25
AR,Argentina,Cordoba,,2020-04-24,-83,-38,-93,-78,-45,26
AR,Argentina,Cordoba,,2020-04-25,-85,-40,-95,-82,-42,27
AR,Argentina,Cordoba,,2020-04-26,-90,-60,-97,-89,-48,28
AR,Argentina,Corrientes,,2020-02-15,-12,-11,-31,-6,-7,5
AR,Argentina,Corrientes,,2020-02-16,-7,-6,-22,-9,-3,4
AR,Argentina,Corrientes,,2020-02-17,-2,-3,-10,0,13,0
AR,Argentina,Corrientes,,2020-02-18,-14,-11,-27,-5,5,2
AR,Argentina,Corrientes,,2020-02-19,5,0,10,7,18,-3
AR,Argentina,Corrientes,,2020-02-20,-2,-5,-1,0,15,-1
AR,Argentina,Corrientes,,2020-02-21,5,0,-10,4,15,-1
AR,Argentina,Corrientes,,2020-02-22,11,5,-2,8,0,0
AR,Argentina,Corrientes,,2020-02-23,24,10,12,-4,-1,1
AR,Argentina,Corrientes,,2020-02-24,2,-6,30,-13,-37,3
AR,Argentina,Corrientes,,2020-02-25,-14,-15,-9,-4,-31,4
AR,Argentina,Corrientes,,2020-02-26,3,0,2,5,20,-2
AR,Argentina,Corrientes,,2020-02-27,-2,-4,-5,-5,19,-1
AR,Argentina,Corrientes,,2020-02-28,3,-2,-13,-5,19,-1
AR,Argentina,Corrientes,,2020-02-29,5,0,-16,-8,5,1
AR,Argentina,Corrientes,,2020-03-01,-4,-1,-16,-14,3,3
AR,Argentina,Corrientes,,2020-03-02,0,-1,-10,-7,28,-3
AR,Argentina,Corrientes,,2020-03-03,-3,-2,-10,-9,27,-2
AR,Argentina,Corrientes,,2020-03-04,-3,-1,-6,-12,31,-3
AR,Argentina,Corrientes,,2020-03-05,-5,-4,-11,-10,29,-2
AR,Argentina,Corrientes,,2020-03-06,-4,-3,-16,-10,29,-2
AR,Argentina,Corrientes,,2020-03-07,-7,-4,-21,-17,4,2
AR,Argentina,Corrientes,,2020-03-08,-6,-5,-18,-21,3,3
AR,Argentina,Corrientes,,2020-03-09,-4,-3,-14,-10,28,-3
AR,Argentina,Corrientes,,2020-03-10,-6,-2,-15,-14,30,-3
AR,Argentina,Corrientes,,2020-03-11,-7,-2,-10,-9,31,-3
AR,Argentina,Corrientes,,2020-03-12,-13,-4,-18,-14,27,-2
AR,Argentina,Corrientes,,2020-03-13,-15,-4,-27,-23,26,-1
AR,Argentina,Corrientes,,2020-03-14,-21,-8,-38,-32,1,5
AR,Argentina,Corrientes,,2020-03-15,-34,-5,-47,-36,-7,9
AR,Argentina,Corrientes,,2020-03-16,-31,-7,-48,-33,1,6
AR,Argentina,Corrientes,,2020-03-17,-40,-19,-55,-38,-9,8
AR,Argentina,Corrientes,,2020-03-18,-47,-26,-60,-45,-18,11
AR,Argentina,Corrientes,,2020-03-19,-44,-13,-60,-48,-22,12
AR,Argentina,Corrientes,,2020-03-20,-72,-49,-80,-78,-47,23
AR,Argentina,Corrientes,,2020-03-21,-79,-57,-87,-86,-52,25
AR,Argentina,Corrientes,,2020-03-22,-84,-68,-91,-91,-51,26
AR,Argentina,Corrientes,,2020-03-23,-83,-66,-87,-91,-69,26
AR,Argentina,Corrientes,,2020-03-24,-84,-68,-87,-91,-70,26
AR,Argentina,Corrientes,,2020-03-25,-77,-57,-82,-85,-57,23
AR,Argentina,Corrientes,,2020-03-26,-78,-59,-81,-84,-58,24
AR,Argentina,Corrientes,,2020-03-27,-76,-55,-82,-84,-56,26
AR,Argentina,Corrientes,,2020-03-28,-77,-52,-85,-85,-52,25
AR,Argentina,Corrientes,,2020-03-29,-80,-63,-88,-89,-47,25
AR,Argentina,Corrientes,,2020-03-30,-72,-52,-80,-86,-55,22
AR,Argentina,Corrientes,,2020-03-31,-76,-59,-82,-86,-63,23
AR,Argentina,Corrientes,,2020-04-01,-68,-48,-76,-81,-50,20
AR,Argentina,Corrientes,,2020-04-02,-72,-54,-79,-83,-53,23
AR,Argentina,Corrientes,,2020-04-03,-68,-45,-77,-82,-47,23
AR,Argentina,Corrientes,,2020-04-04,-70,-45,-81,-84,-43,22
AR,Argentina,Corrientes,,2020-04-05,-76,-56,-86,-88,-39,23
AR,Argentina,Corrientes,,2020-04-06,-66,-44,-75,-81,-45,19
AR,Argentina,Corrientes,,2020-04-07,-76,-34,-70,-77,-44,19
AR,Argentina,Corrientes,,2020-04-08,-75,-29,-66,-75,-42,17
AR,Argentina,Corrientes,,2020-04-09,-79,-35,-73,-81,-52,21
AR,Argentina,Corrientes,,2020-04-10,-92,-76,-88,-91,-71,29
AR,Argentina,Corrientes,,2020-04-11,-82,-44,-81,-84,-42,23
AR,Argentina,Corrientes,,2020-04-12,-85,-57,-86,-89,-40,23
AR,Argentina,Corrientes,,2020-04-13,-78,-43,-70,-78,-39,19
AR,Argentina,Corrientes,,2020-04-14,-76,-37,-67,-76,-39,18
AR,Argentina,Corrientes,,2020-04-15,-75,-34,-65,-70,-36,17
AR,Argentina,Corrientes,,2020-04-16,-78,-37,-86,-73,-37,19
AR,Argentina,Corrientes,,2020-04-17,-79,-35,-89,-76,-36,22
AR,Argentina,Corrientes,,2020-04-18,-82,-40,-91,-78,-34,21
AR,Argentina,Corrientes,,2020-04-19,-85,-54,-93,-87,-36,22
AR,Argentina,Corrientes,,2020-04-20,-78,-40,-87,-77,-33,18
AR,Argentina,Corrientes,,2020-04-21,-78,-39,-86,-74,-34,17
AR,Argentina,Corrientes,,2020-04-22,-78,-37,-86,-72,-32,17
AR,Argentina,Corrientes,,2020-04-23,-79,-40,-87,-72,-33,18
AR,Argentina,Corrientes,,2020-04-24,-79,-38,-88,-74,-31,20
AR,Argentina,Corrientes,,2020-04-25,-81,-40,-91,-79,-31,19
